song_id,title,rank,year
0,Bad Day,1,2006
1,Temperature,2,2006
2,Promiscuous,3,2006
3,You're Beautiful,4,2006
4,Hips Don't Lie,5,2006
5,Unwritten,6,2006
6,Crazy,7,2006
7,Ridin',8,2006
8,SexyBack,9,2006
9,Check On It,10,2006
10,Be Without You,11,2006
11,Grillz,12,2006
12,Over My Head (Cable Car),13,2006
13,Me & U,14,2006
14,Buttons,15,2006
15,Run It!,16,2006
16,So Sick,17,2006
17,It's Goin' Down,18,2006
18,SOS,19,2006
19,I Write Sins Not Tragedies,20,2006
20,Move Along,21,2006
21,London Bridge,22,2006
22,Dani California,23,2006
23,Snap Yo Fingers,24,2006
24,"Lean Wit It, Rock Wit It",25,2006
25,What Hurts The Most,26,2006
26,How To Save A Life,27,2006
27,Unfaithful,28,2006
28,Chasing Cars,29,2006
29,Lips Of An Angel,30,2006
30,Everytime We Touch,31,2006
31,Ain't No Other Man,32,2006
32,"Dance, Dance",33,2006
33,Gold Digger,34,2006
34,Money Maker,35,2006
35,Ms. New Booty,36,2006
36,(When You Gonna) Give It Up To Me,37,2006
37,Photograph,38,2006
38,Because Of You,39,2006
39,Stickwitu,40,2006
40,I'm N Luv (Wit A Stripper),41,2006
41,My Humps,42,2006
42,Where'd You Go,43,2006
43,Yo (Excuse Me Miss),44,2006
44,Walk Away,45,2006
45,Laffy Taffy,46,2006
46,What You Know,47,2006
47,Dirty Little Secret,48,2006
48,Savin' Me,49,2006
49,Don't Forget About Us,50,2006
50,Sexy Love,51,2006
51,U And Dat,52,2006
52,Far Away,53,2006
53,What's Left Of Me,54,2006
54,So What,55,2006
55,Do It To It,56,2006
56,Black Horse & The Cherry Tree,57,2006
57,There It Go! (The Whistle Song),58,2006
58,Shoulder Lean,59,2006
59,Unpredictable,60,2006
60,My Love,61,2006
61,Shake That,62,2006
62,Pullin' Me Back,63,2006
63,Bossy,64,2006
64,Chain Hang Low,65,2006
65,Smack That,66,2006
66,One Wish,67,2006
67,"Sugar, We're Goin' Down",68,2006
68,Gimme That,69,2006
69,I Know You See It,70,2006
70,Who Says You Can't Go Home,71,2006
71,Too Little Too Late,72,2006
72,Touch It,73,2006
73,Rompe,74,2006
74,Deja Vu,75,2006
75,Life Is A Highway,76,2006
76,Call Me When You're Sober,77,2006
77,"Jesus, Take The Wheel",78,2006
78,Show Stopper,79,2006
79,Get Up,80,2006
80,We Be Burnin',81,2006
81,Hate Me,82,2006
82,You And Me,83,2006
83,Beep,84,2006
84,I Think They Like Me,85,2006
85,Say Goodbye,86,2006
86,Waiting On The World To Change,87,2006
87,Soul Survivor,88,2006
88,Pump It,89,2006
89,When I'm Gone,90,2006
90,Hung Up,91,2006
91,Stay Fly,92,2006
92,Love,93,2006
93,When You're Mad,94,2006
94,Why You Wanna,95,2006
95,Stupid Girls,96,2006
96,Feel Good Inc,97,2006
97,I'm Sprung,98,2006
98,Do I Make You Proud,99,2006
99,For You I Will (Confidence),100,2006
100,Irreplaceable,1,2007
101,Umbrella,2,2007
102,The Sweet Escape,3,2007
103,Big Girls Don't Cry,4,2007
104,Buy U A Drank (Shawty Snappin'),5,2007
105,Before He Cheats,6,2007
106,Hey There Delilah,7,2007
107,I Wanna Love You,8,2007
108,Say It Right,9,2007
109,Glamorous,10,2007
110,Don't Matter,11,2007
111,Girlfriend,12,2007
112,Makes Me Wonder,13,2007
113,Party Like A Rockstar,14,2007
114,Smack That,15,2007
115,This Is Why I'm Hot,16,2007
116,It's Not Over,17,2007
117,The Way I Are,18,2007
118,Fergalicious,19,2007
119,Crank That (Soulja Boy),20,2007
120,Give It To Me,21,2007
121,What Goes Around...Comes Around,22,2007
122,Cupid's Chokehold/Breakfast In America,23,2007
123,How To Save A Life,24,2007
124,Home,25,2007
125,My Love,26,2007
126,Stronger,27,2007
127,We Fly High,28,2007
128,U + Ur Hand,29,2007
129,Walk It Out,30,2007
130,Beautiful Girls,31,2007
131,"This Ain't A Scene, It's An Arms Race",32,2007
132,Bartender,33,2007
133,"Pop, Lock & Drop It",34,2007
134,Runaway Love,35,2007
135,Rockstar,36,2007
136,Thnks Fr Th Mmrs,37,2007
137,What I've Done,38,2007
138,Summer Love,39,2007
139,You,40,2007
140,Wait For You,41,2007
141,Last Night,42,2007
142,Make It Rain,43,2007
143,Make Me Better,44,2007
144,Ice Box,45,2007
145,Lips Of An Angel,46,2007
146,Waiting On The World To Change,47,2007
147,Lost Without U,48,2007
148,I'm A Flirt,49,2007
149,If Everyone Cared,50,2007
150,Get It Shawty,51,2007
151,Face Down,52,2007
152,The Way I Live,53,2007
153,Shortie Like Mine,54,2007
154,It Ends Tonight,55,2007
155,A Bay Bay,56,2007
156,Because Of You,57,2007
157,I Tried,58,2007
158,Welcome To The Black Parade,59,2007
159,Shawty,60,2007
160,Chasing Cars,61,2007
161,Beautiful Liar,62,2007
162,SexyBack,63,2007
163,Keep Holding On,64,2007
164,Let It Go,65,2007
165,Apologize,66,2007
166,Bubbly,67,2007
167,Like A Boy,68,2007
168,Who Knew,69,2007
169,Never Again,70,2007
170,Promise,71,2007
171,Bed,72,2007
172,Throw Some D's,73,2007
173,Rehab,74,2007
174,Big Things Poppin' (Do It),75,2007
175,No One,76,2007
176,The Great Escape,77,2007
177,2 Step,78,2007
178,Walk Away (Remember Me),79,2007
179,Go Getta,80,2007
180,Here (In Your Arms),81,2007
181,On The Hotline,82,2007
182,Wind It Up,83,2007
183,Cyclone,84,2007
184,Break It Off,85,2007
185,First Time,86,2007
186,Ayo Technology,87,2007
187,Outta My System,88,2007
188,Teardrops On My Guitar,89,2007
189,Shut Up And Drive,90,2007
190,Snow ((Hey Oh)),91,2007
191,Money Maker,92,2007
192,Kiss Kiss,93,2007
193,Far Away,94,2007
194,Rock Yo Hips,95,2007
195,LoveStoned,96,2007
196,Better Than Me,97,2007
197,Paralyzer,98,2007
198,That's That,99,2007
199,Same Girl,100,2007
200,Low,1,2008
201,Bleeding Love,2,2008
202,No One,3,2008
203,Lollipop,4,2008
204,Apologize,5,2008
205,No Air,6,2008
206,Love Song,7,2008
207,Love In This Club,8,2008
208,With You,9,2008
209,Forever,10,2008
210,Sexy Can I,11,2008
211,Take A Bow,12,2008
212,Viva La Vida,13,2008
213,I Kissed A Girl,14,2008
214,Whatever You Like,15,2008
215,Disturbia,16,2008
216,Don't Stop The Music,17,2008
217,Pocketful Of Sunshine,18,2008
218,Kiss Kiss,19,2008
219,Closer,20,2008
220,Bubbly,21,2008
221,Touch My Body,22,2008
222,4 Minutes,23,2008
223,So What,24,2008
224,Paralyzer,25,2008
225,Clumsy,26,2008
226,I'm Yours,27,2008
227,Leavin',28,2008
228,Dangerous,29,2008
229,Tattoo,30,2008
230,See You Again,31,2008
231,Shake It,32,2008
232,Stop And Stare,33,2008
233,Take You There,34,2008
234,Paper Planes,35,2008
235,Hot N Cold,36,2008
236,Live Your Life,37,2008
237,Bust It Baby Part 2,38,2008
238,American Boy,39,2008
239,Got Money,40,2008
240,Our Song,41,2008
241,Damaged,42,2008
242,A Milli,43,2008
243,Sorry,44,2008
244,Independent,45,2008
245,Can't Believe It,46,2008
246,Like You'll Never See Me Again,47,2008
247,Teardrops On My Guitar,48,2008
248,When I Grow Up,49,2008
249,Sensual Seduction,50,2008
250,What You Got,51,2008
251,It's Not My Time,52,2008
252,Better In Time,53,2008
253,Crank That (Soulja Boy),54,2008
254,Shadow Of The Day,55,2008
255,Sweetest Girl (Dollar Bill),56,2008
256,Miss Independent,57,2008
257,Fall For You,58,2008
258,In The Ayer,59,2008
259,Say,60,2008
260,One Step At A Time,61,2008
261,Hate That I Love You,62,2008
262,Superstar,63,2008
263,Suffocate,64,2008
264,Let It Rock,65,2008
265,Get Like Me,66,2008
266,Realize,67,2008
267,Put On,68,2008
268,The Time Of My Life,69,2008
269,Lolli Lolli (Pop That Body),70,2008
270,Cyclone,71,2008
271,Love Like This,72,2008
272,Burnin' Up,73,2008
273,Love Lockdown,74,2008
274,I Luv Your Girl,75,2008
275,Crush,76,2008
276,Hypnotized,77,2008
277,Big Girls Don't Cry,78,2008
278,Good Life,79,2008
279,Womanizer,80,2008
280,Love Story,81,2008
281,Just Fine,82,2008
282,Piece Of Me,83,2008
283,The Boss,84,2008
284,All Summer Long,85,2008
285,Can't Help But Wait,86,2008
286,In Love With A Girl,87,2008
287,My Life,88,2008
288,I Remember,89,2008
289,Flashing Lights,90,2008
290,Mrs. Officer,91,2008
291,7 Things,92,2008
292,You're Gonna Miss This,93,2008
293,Love Remains The Same,94,2008
294,Feels Like Tonight,95,2008
295,The Way I Are,96,2008
296,Addicted,97,2008
297,Into The Night,98,2008
298,Heaven Sent,99,2008
299,She Got It,100,2008
300,Boom Boom Pow,1,2009
301,Poker Face,2,2009
302,Just Dance,3,2009
303,I Gotta Feeling,4,2009
304,Love Story,5,2009
305,Right Round,6,2009
306,I'm Yours,7,2009
307,Single Ladies (Put A Ring On It),8,2009
308,Heartless,9,2009
309,Gives You Hell,10,2009
310,You Belong With Me,11,2009
311,Dead And Gone,12,2009
312,You Found Me,13,2009
313,Use Somebody,14,2009
314,Knock You Down,15,2009
315,Blame It,16,2009
316,I Know You Want Me (Calle Ocho),17,2009
317,Live Your Life,18,2009
318,Kiss Me Thru The Phone,19,2009
319,Down,20,2009
320,The Climb,21,2009
321,Best I Ever Had,22,2009
322,My Life Would Suck Without You,23,2009
323,Halo,24,2009
324,Hot N Cold,25,2009
325,Second Chance,26,2009
326,Circus,27,2009
327,Day 'N' Nite,28,2009
328,Party In The U.S.A.,29,2009
329,Don't Trust Me,30,2009
330,Run This Town,31,2009
331,Let It Rock,32,2009
332,Fire Burning,33,2009
333,Whatcha Say,34,2009
334,LoveGame,35,2009
335,Waking Up In Vegas,36,2009
336,Birthday Sex,37,2009
337,Sober,38,2009
338,Womanizer,39,2009
339,Whatever You Like,40,2009
340,Obsessed,41,2009
341,Mad,42,2009
342,Good Girls Go Bad,43,2009
343,Love Lockdown,44,2009
344,So What,45,2009
345,Hotel Room Service,46,2009
346,Crack A Bottle,47,2009
347,If I Were A Boy,48,2009
348,Turnin Me On,49,2009
349,I Hate This Part,50,2009
350,Gotta Be Somebody,51,2009
351,Please Don't Leave Me,52,2009
352,Paparazzi,53,2009
353,Beautiful,54,2009
354,Viva La Vida,55,2009
355,Right Now (Na Na Na),56,2009
356,Battlefield,57,2009
357,Sugar,58,2009
358,Miss Independent,59,2009
359,Fireflies,60,2009
360,New Divide,61,2009
361,Empire State Of Mind,62,2009
362,No Surprise,63,2009
363,She Wolf,64,2009
364,Break Up,65,2009
365,Sweet Dreams,66,2009
366,Every Girl,67,2009
367,Fallin' For You,68,2009
368,Untouched,69,2009
369,If Today Was Your Last Day,70,2009
370,Throw It In The Bag,71,2009
371,Love Drunk,72,2009
372,I Love College,73,2009
373,If U Seek Amy,74,2009
374,Big Green Tractor,75,2009
375,White Horse,76,2009
376,Disturbia,77,2009
377,21 Guns,78,2009
378,Turn My Swag On,79,2009
379,Rockin' That Thang,80,2009
380,Chicken Fried,81,2009
381,Diva,82,2009
382,Replay,83,2009
383,Then,84,2009
384,Her Diamonds,85,2009
385,How Do You Sleep?,86,2009
386,3,87,2009
387,Forever,88,2009
388,One Time,89,2009
389,I Run To You,90,2009
390,I Do Not Hook Up,91,2009
391,Green Light,92,2009
392,People Are Crazy,93,2009
393,Whatever It Is,94,2009
394,Already Gone,95,2009
395,Goodbye,96,2009
396,Say Hey (I Love You),97,2009
397,Pop Champagne,98,2009
398,Pretty Wings,99,2009
399,Never Say Never,100,2009
400,TiK ToK,1,2010
401,Need You Now,2,2010
402,"Hey, Soul Sister",3,2010
403,California Gurls,4,2010
404,OMG,5,2010
405,Airplanes,6,2010
406,Love The Way You Lie,7,2010
407,Bad Romance,8,2010
408,Dynamite,9,2010
409,Break Your Heart,10,2010
410,Nothin' On You,11,2010
411,I Like It,12,2010
412,BedRock,13,2010
413,In My Head,14,2010
414,Rude Boy,15,2010
415,Telephone,16,2010
416,Teenage Dream,17,2010
417,Just The Way You Are,18,2010
418,Cooler Than Me,19,2010
419,Imma Be,20,2010
420,Empire State Of Mind,21,2010
421,DJ Got Us Fallin' In Love,22,2010
422,Billionaire,23,2010
423,Not Afraid,24,2010
424,Replay,25,2010
425,Sexy Chick,26,2010
426,Breakeven,27,2010
427,Your Love Is My Drug,28,2010
428,I Gotta Feeling,29,2010
429,Fireflies,30,2010
430,Say Aah,31,2010
431,Find Your Love,32,2010
432,Alejandro,33,2010
433,Ridin' Solo,34,2010
434,Just A Dream,35,2010
435,How Low,36,2010
436,Like A G6,37,2010
437,Carry Out,38,2010
438,Haven't Met You Yet,39,2010
439,Club Can't Handle Me,40,2010
440,Down,41,2010
441,Bulletproof,42,2010
442,Whatcha Say,43,2010
443,Baby,44,2010
444,Whataya Want From Me,45,2010
445,Mine,46,2010
446,Only Girl (In The World),47,2010
447,Live Like We're Dying,48,2010
448,Hard,49,2010
449,Young Forever,50,2010
450,Blah Blah Blah,51,2010
451,Bottoms Up,52,2010
452,Do You Remember,53,2010
453,All The Right Moves,54,2010
454,According To You,55,2010
455,My Chick Bad,56,2010
456,You Belong With Me,57,2010
457,Meet Me Halfway,58,2010
458,Take It Off,59,2010
459,Over,60,2010
460,Animal,61,2010
461,Misery,62,2010
462,Magic,63,2010
463,Paparazzi,64,2010
464,Tie Me Down,65,2010
465,Your Love,66,2010
466,Party In The U.S.A.,67,2010
467,Deuces,68,2010
468,3,69,2010
469,Impossible,70,2010
470,Forever,71,2010
471,Two Is Better Than One,72,2010
472,My First Kiss,73,2010
473,Already Gone,74,2010
474,Rock That Body,75,2010
475,Secrets,76,2010
476,Naturally,77,2010
477,Un-Thinkable (I'm Ready),78,2010
478,All I Do Is Win,79,2010
479,I Made It (Cash Money Heroes),80,2010
480,Stuck Like Glue,81,2010
481,Hey Daddy (Daddy's Home),82,2010
482,There Goes My Baby,83,2010
483,Today Was A Fairytale,84,2010
484,Say Something,85,2010
485,Sweet Dreams,86,2010
486,Use Somebody,87,2010
487,Undo It,88,2010
488,Eenie Meenie,89,2010
489,Right Above It,90,2010
490,The House That Built Me,91,2010
491,If I Die Young,92,2010
492,The Only Exception,93,2010
493,American Honey,94,2010
494,King Of Anything,95,2010
495,Life After You,96,2010
496,Smile,97,2010
497,Teach Me How To Dougie,98,2010
498,Try Sleeping With A Broken Heart,99,2010
499,"Lover, Lover",100,2010
500,Rolling In The Deep,1,2011
501,Party Rock Anthem,2,2011
502,Firework,3,2011
503,E.T.,4,2011
504,Give Me Everything,5,2011
505,Grenade,6,2011
506,Super Bass,7,2011
507,Moves Like Jagger,8,2011
508,Just Can't Get Enough,9,2011
509,On The Floor,10,2011
510,S&M,11,2011
511,Pumped Up Kicks,12,2011
512,Last Friday Night (T.G.I.F.),13,2011
513,Just The Way You Are,14,2011
514,Tonight (I'm Lovin' You),15,2011
515,Raise Your Glass,16,2011
516,Born This Way,17,2011
517,F**kin' Perfect,18,2011
518,What's My Name?,19,2011
519,Look At Me Now,20,2011
520,Down On Me,21,2011
521,How To Love,22,2011
522,Someone Like You,23,2011
523,Good Life,24,2011
524,The Lazy Song,25,2011
525,Till The World Ends,26,2011
526,The Show Goes On,27,2011
527,The Edge Of Glory,28,2011
528,We R Who We R,29,2011
529,Black And Yellow,30,2011
530,Tonight Tonight,31,2011
531,Blow,32,2011
532,Lighters,33,2011
533,If I Die Young,34,2011
534,Stereo Hearts,35,2011
535,The Time (Dirty Bit),36,2011
536,Coming Home,37,2011
537,Hey Baby (Drop It To The Floor),38,2011
538,Only Girl (In The World),39,2011
539,6 Foot 7 Foot,40,2011
540,Just A Kiss,41,2011
541,Dirt Road Anthem,42,2011
542,Dynamite,43,2011
543,No Hands,44,2011
544,I Wanna Go,45,2011
545,I'm On One,46,2011
546,You Make Me Feel...,47,2011
547,Yeah 3X,48,2011
548,Moment 4 Life,49,2011
549,I Need A Doctor,50,2011
550,Just A Dream,51,2011
551,Motivation,52,2011
552,Stereo Love,53,2011
553,Jar Of Hearts,54,2011
554,Roll Up,55,2011
555,Sexy And I Know It,56,2011
556,Rocketeer,57,2011
557,All Of The Lights,58,2011
558,Hold It Against Me,59,2011
559,More,60,2011
560,What The Hell,61,2011
561,Written In The Stars,62,2011
562,Bottoms Up,63,2011
563,DJ Got Us Fallin' In Love,64,2011
564,For The First Time,65,2011
565,Honey Bee,66,2011
566,Don't You Wanna Stay,67,2011
567,We Found Love,68,2011
568,Pretty Girl Rock,69,2011
569,You And I,70,2011
570,Like A G6,71,2011
571,Without You,72,2011
572,Back To December,73,2011
573,Teenage Dream,74,2011
574,Crazy Girl,75,2011
575,Cheers (Drink To That),76,2011
576,Who Says,77,2011
577,Barefoot Blue Jean Night,78,2011
578,Knee Deep,79,2011
579,Country Girl (Shake It For Me),80,2011
580,Remind Me,81,2011
581,In The Dark,82,2011
582,Backseat,83,2011
583,Headlines,84,2011
584,Best Thing I Never Had,85,2011
585,Don't Wanna Go Home,86,2011
586,Where Them Girls At,87,2011
587,She Ain't You,88,2011
588,Take A Back Road,89,2011
589,Please Don't Go,90,2011
590,Sure Thing,91,2011
591,Price Tag,92,2011
592,God Gave Me You,93,2011
593,She Will,94,2011
594,Are You Gonna Kiss Me Or Not,95,2011
595,Animal,96,2011
596,You And Tequila,97,2011
597,Colder Weather,98,2011
598,My Last,99,2011
599,Somebody That I Used To Know,1,2012
600,Call Me Maybe,2,2012
601,We Are Young,3,2012
602,Payphone,4,2012
603,Lights,5,2012
604,Glad You Came,6,2012
605,Stronger (What Doesn't Kill You),7,2012
606,We Found Love,8,2012
607,Starships,9,2012
608,What Makes You Beautiful,10,2012
609,Wild Ones,11,2012
610,Set Fire To The Rain,12,2012
611,Sexy And I Know It,13,2012
612,Some Nights,14,2012
613,Wide Awake,15,2012
614,Good Feeling,16,2012
615,Whistle,17,2012
616,One More Night,18,2012
617,Drive By,19,2012
618,The Motto,20,2012
619,Where Have You Been,21,2012
620,Everybody Talks,22,2012
621,Take Care,23,2012
622,Titanium,24,2012
623,I Won't Give Up,25,2012
624,It Will Rain,26,2012
625,Mercy,27,2012
626,Boyfriend,28,2012
627,Party Rock Anthem,29,2012
628,Too Close,30,2012
629,Part Of Me,31,2012
630,"Young, Wild & Free",32,2012
631,We Are Never Ever Getting Back Together,33,2012
632,As Long As You Love Me,34,2012
633,Turn Me On,35,2012
634,Moves Like Jagger,36,2012
635,Blow Me (One Last Kiss),37,2012
636,Good Time,38,2012
637,Give Your Heart A Break,39,2012
638,Ni**as in Paris,40,2012
639,The One That Got Away,41,2012
640,Feel So Close,42,2012
641,Someone Like You,43,2012
642,Scream,44,2012
643,Rack City,45,2012
644,Domino,46,2012
645,Gangnam Style,47,2012
646,International Love,48,2012
647,Home,49,2012
648,Without You,50,2012
649,Ass Back Home,51,2012
650,Wanted,52,2012
651,Drunk On You,53,2012
652,No Lie,54,2012
653,Want U Back,55,2012
654,Don't Wake Me Up,56,2012
655,Dance (A$$),57,2012
656,Springsteen,58,2012
657,Brokenhearted,59,2012
658,Not Over You,60,2012
659,Stereo Hearts,61,2012
660,Back In Time,62,2012
661,Work Out,63,2012
662,Rumour Has It,64,2012
663,Let's Go,65,2012
664,Good Girl,66,2012
665,Pontoon,67,2012
666,Ho Hey,68,2012
667,Paradise,69,2012
668,Blown Away,70,2012
669,Rolling In The Deep,71,2012
670,Climax,72,2012
671,"Work Hard, Play Hard",73,2012
672,Let Me Love You (Until You Learn To Love Yourself),74,2012
673,Pound The Alarm,75,2012
674,Come Over,76,2012
675,Heart Attack,77,2012
676,Drank In My Cup,78,2012
677,Birthday Cake,79,2012
678,So Good,80,2012
679,50 Ways To Say Goodbye,81,2012
680,Red Solo Cup,82,2012
681,Love You Like A Love Song,83,2012
682,Turn Up The Music,84,2012
683,Die Young,85,2012
684,5 O'Clock,86,2012
685,A Thousand Years,87,2012
686,Take A Little Ride,88,2012
687,You Da One,89,2012
688,We Run The Night,90,2012
689,It's Time,91,2012
690,Cashin' Out,92,2012
691,I Don't Want This Night To End,93,2012
692,Diamonds,94,2012
693,Hard To Love,95,2012
694,Somethin' 'Bout A Truck,96,2012
695,Adorn,97,2012
696,Fly Over States,98,2012
697,Even If It Breaks Your Heart,99,2012
698,Burn It Down,100,2012
699,Thrift Shop,1,2013
700,Blurred Lines,2,2013
701,Radioactive,3,2013
702,Harlem Shake,4,2013
703,Can't Hold Us,5,2013
704,Mirrors,6,2013
705,Just Give Me A Reason,7,2013
706,When I Was Your Man,8,2013
707,Cruise,9,2013
708,Roar,10,2013
709,Locked Out Of Heaven,11,2013
710,Ho Hey,12,2013
711,Stay,13,2013
712,Get Lucky,14,2013
713,Royals,15,2013
714,I Knew You Were Trouble.,16,2013
715,We Can't Stop,17,2013
716,Wrecking Ball,18,2013
717,Wake Me Up!,19,2013
718,Suit & Tie,20,2013
719,Cups (Pitch Perfect's When I'm Gone),21,2013
720,Holy Grail,22,2013
721,Scream & Shout,23,2013
722,Clarity,24,2013
723,Sail,25,2013
724,Don't You Worry Child,26,2013
725,Diamonds,27,2013
726,I Love It,28,2013
727,Safe And Sound,29,2013
728,Treasure,30,2013
729,The Way,31,2013
730,Started From The Bottom,32,2013
731,Come & Get It,33,2013
732,"Hold On, We're Going Home",34,2013
733,Daylight,35,2013
734,Feel This Moment,36,2013
735,Applause,37,2013
736,One More Night,38,2013
737,Love Me,39,2013
738,My Songs Know What You Did In The Dark (Light Em Up),40,2013
739,F**kin Problems,41,2013
740,Beauty And A Beat,42,2013
741,Same Love,43,2013
742,Sweet Nothing,44,2013
743,Summertime Sadness,45,2013
744,Home,46,2013
745,It's Time,47,2013
746,Power Trip,48,2013
747,Girl On Fire,49,2013
748,Heart Attack,50,2013
749,Love Somebody,51,2013
750,I Will Wait,52,2013
751,Try,53,2013
752,Wagon Wheel,54,2013
753,Gangnam Style,55,2013
754,I Need Your Love,56,2013
755,Die Young,57,2013
756,Some Nights,58,2013
757,Bad,59,2013
758,Boys 'round Here,60,2013
759,"Gone, Gone, Gone",61,2013
760,Demons,62,2013
761,Counting Stars,63,2013
762,I Cry,64,2013
763,Little Talks,65,2013
764,The Other Side,66,2013
765,Berzerk,67,2013
766,Catch My Breath,68,2013
767,Crash My Party,69,2013
768,Pour It Up,70,2013
769,22,71,2013
770,I Want Crazy,72,2013
771,The Fox,73,2013
772,Best Song Ever,74,2013
773,The A Team,75,2013
774,Carry On,76,2013
775,Highway Don't Care,77,2013
776,That's My Kind Of Night,78,2013
777,Swimming Pools (Drank),79,2013
778,Sure Be Cool If You Did,80,2013
779,#Beautiful,81,2013
780,Troublemaker,82,2013
781,Body Party,83,2013
782,Adorn,84,2013
783,Hall Of Fame,85,2013
784,Let Me Love You (Until You Learn To Love Yourself),86,2013
785,U.O.E.N.O.,87,2013
786,Next To Me,88,2013
787,Mama's Broken Heart,89,2013
788,It Goes Like This,90,2013
789,Bugatti,91,2013
790,Wanted,92,2013
791,Downtown,93,2013
792,Get Your Shine On,94,2013
793,#thatPOWER,95,2013
794,Brave,96,2013
795,Let Her Go,97,2013
796,Runnin' Outta Moonlight,98,2013
797,I'm Different,99,2013
798,Still Into You,100,2013
799,Happy,1,2014
800,Dark Horse,2,2014
801,All Of Me,3,2014
802,Fancy,4,2014
803,Counting Stars,5,2014
804,Talk Dirty,6,2014
805,Rude,7,2014
806,All About That Bass,8,2014
807,Problem,9,2014
808,Stay With Me,10,2014
809,Timber,11,2014
810,Pompeii,12,2014
811,Shake It Off,13,2014
812,Am I Wrong,14,2014
813,Turn Down For What,15,2014
814,The Monster,16,2014
815,Say Something,17,2014
816,Team,18,2014
817,Let Her Go,19,2014
818,Royals,20,2014
819,Let It Go,21,2014
820,Wake Me Up!,22,2014
821,Demons,23,2014
822,Story Of My Life,24,2014
823,Chandelier,25,2014
824,Black Widow,26,2014
825,Bang Bang,27,2014
826,Latch,28,2014
827,Maps,29,2014
828,Loyal,30,2014
829,Best Day Of My Life,31,2014
830,Habits (Stay High),32,2014
831,Summer,33,2014
832,Boom Clap,34,2014
833,Drunk In Love,35,2014
834,Anaconda,36,2014
835,Break Free,37,2014
836,Bailando,38,2014
837,Burn,39,2014
838,Wiggle,40,2014
839,Rather Be,41,2014
840,Don't Tell 'Em,42,2014
841,Show Me,43,2014
842,Wrecking Ball,44,2014
843,Not A Bad Thing,45,2014
844,Roar,46,2014
845,Ain't It Fun,47,2014
846,The Man,48,2014
847,This Is How We Roll,49,2014
848,Classic,50,2014
849,A Sky Full Of Stars,51,2014
850,Don't,52,2014
851,Na Na,53,2014
852,Hot Boy,54,2014
853,"Hold On, We're Going Home",55,2014
854,Sing,56,2014
855,Radioactive,57,2014
856,My Hitta,58,2014
857,Cool Kids,59,2014
858,Hey Brother,60,2014
859,Trumpets,61,2014
860,Animals,62,2014
861,Burnin' It Down,63,2014
862,Play It Again,64,2014
863,2 On,65,2014
864,Dirt,66,2014
865,Love Runs Out,67,2014
866,Bottoms Up,68,2014
867,Shower,69,2014
868,Me And My Broken Heart,70,2014
869,Animals,71,2014
870,Lifestyle,72,2014
871,American Kids,73,2014
872,Brave,74,2014
873,Sweater Weather,75,2014
874,Leave The Night On,76,2014
875,New Flame,77,2014
876,Love Never Felt So Good,78,2014
877,Drunk On A Plane,79,2014
878,Birthday,80,2014
879,Bartender,81,2014
880,La La La,82,2014
881,Blurred Lines,83,2014
882,Do What U Want,84,2014
883,Can't Remember To Forget You,85,2014
884,Amnesia,86,2014
885,No Mediocre,87,2014
886,Come With Me Now,88,2014
887,Believe Me,89,2014
888,23,90,2014
889,Beachin',91,2014
890,White Walls,92,2014
891,She Looks So Perfect,93,2014
892,Stay The Night,94,2014
893,Partition,95,2014
894,Studio,96,2014
895,0 To 100 / The Catch Up,97,2014
896,I Don't Dance,98,2014
897,Somethin' Bad,99,2014
898,Adore You,100,2014
899,Uptown Funk!,1,2015
900,Thinking Out Loud,2,2015
901,See You Again,3,2015
902,Trap Queen,4,2015
903,Sugar,5,2015
904,Shut Up And Dance,6,2015
905,Blank Space,7,2015
906,Watch Me,8,2015
907,Earned It (Fifty Shades Of Grey),9,2015
908,The Hills,10,2015
909,Cheerleader,11,2015
910,Can't Feel My Face,12,2015
911,Love Me Like You Do,13,2015
912,Take Me To Church,14,2015
913,Bad Blood,15,2015
914,Lean On,16,2015
915,Want To Want Me,17,2015
916,Shake It Off,18,2015
917,Where Are U Now,19,2015
918,Fight Song,20,2015
919,679,21,2015
920,Lips Are Movin,22,2015
921,Worth It,23,2015
922,Post To Be,24,2015
923,"Honey, I'm Good.",25,2015
924,I'm Not The Only One,26,2015
925,Good For You,27,2015
926,All About That Bass,28,2015
927,Style,29,2015
928,Hotline Bling,30,2015
929,Hey Mama,31,2015
930,G.D.F.R.,32,2015
931,What Do You Mean?,33,2015
932,Photograph,34,2015
933,Hello,35,2015
934,Stitches,36,2015
935,Talking Body,37,2015
936,Jealous,38,2015
937,Time Of Our Lives,39,2015
938,Locked Away,40,2015
939,Somebody,41,2015
940,FourFiveSeconds,42,2015
941,Centuries,43,2015
942,My Way,44,2015
943,Take Your Time,45,2015
944,Animals,46,2015
945,I Don't F**k With You,47,2015
946,B**** Better Have My Money,48,2015
947,Flex (Ooh Ooh Ooh),49,2015
948,Nasty Freestyle,50,2015
949,Only,51,2015
950,Elastic Heart,52,2015
951,Cool For The Summer,53,2015
952,Renegades,54,2015
953,I Don't Mind,55,2015
954,Love Me Harder,56,2015
955,Wildest Dreams,57,2015
956,Stay With Me,58,2015
957,You Know You Like It,59,2015
958,Uma Thurman,60,2015
959,7/11,61,2015
960,The Heart Wants What It Wants,62,2015
961,Girl Crush,63,2015
962,Slow Motion,64,2015
963,Drag Me Down,65,2015
964,Truffle Butter,66,2015
965,One Last Time,67,2015
966,Chains,68,2015
967,All Eyes On You,69,2015
968,No Type,70,2015
969,Riptide,71,2015
970,Classic Man,72,2015
971,Ex's & Oh's,73,2015
972,Dear Future Husband,74,2015
973,Marvin Gaye,75,2015
974,Like I'm Gonna Lose You,76,2015
975,Habits (Stay High),77,2015
976,The Hanging Tree,78,2015
977,CoCo,79,2015
978,Bang Bang,80,2015
979,Lay Me Down,81,2015
980,Tuesday,82,2015
981,Hit The Quan,83,2015
982,Downtown,84,2015
983,House Party,85,2015
984,Ayo,86,2015
985,Kick The Dust Up,87,2015
986,Blessings,88,2015
987,Budapest,89,2015
988,Chandelier,90,2015
989,Heartbeat Song,91,2015
990,Don't,92,2015
991,Ghost,93,2015
992,Here,94,2015
993,Waves,95,2015
994,El Perdon (Forgiveness),96,2015
995,She Knows,97,2015
996,Night Changes,98,2015
997,Back To Back,99,2015
998,How Deep Is Your Love,100,2015
999,Love Yourself,1,2016
1000,Sorry,2,2016
1001,One Dance,3,2016
1002,Work,4,2016
1003,Stressed Out,5,2016
1004,Panda,6,2016
1005,Hello,7,2016
1006,Don't Let Me Down,8,2016
1007,Can't Stop The Feeling!,9,2016
1008,Closer,10,2016
1009,Cheap Thrills,11,2016
1010,7 Years,12,2016
1011,Needed Me,13,2016
1012,My House,14,2016
1013,I Took A Pill In Ibiza,15,2016
1014,Work From Home,16,2016
1015,This Is What You Came For,17,2016
1016,Cake By The Ocean,18,2016
1017,"Me, Myself & I",19,2016
1018,Ride,20,2016
1019,Heathens,21,2016
1020,Pillowtalk,22,2016
1021,Stitches,23,2016
1022,Hotline Bling,24,2016
1023,Cold Water,25,2016
1024,Send My Love (To Your New Lover),26,2016
1025,Roses,27,2016
1026,Treat You Better,28,2016
1027,Too Good,29,2016
1028,Low Life,30,2016
1029,What Do You Mean?,31,2016
1030,The Hills,32,2016
1031,Just Like Fire,33,2016
1032,Broccoli,34,2016
1033,Don't,35,2016
1034,Dangerous Woman,36,2016
1035,Jumpman,37,2016
1036,I Hate U I Love U,38,2016
1037,Here,39,2016
1038,Same Old Love,40,2016
1039,Controlla,41,2016
1040,Like I'm Gonna Lose You,42,2016
1041,One Call Away,43,2016
1042,Let It Go,44,2016
1043,No,45,2016
1044,Never Forget You,46,2016
1045,Let Me Love You,47,2016
1046,Don't Mind,48,2016
1047,H.O.L.Y.,49,2016
1048,We Don't Talk Anymore,50,2016
1049,Into You,51,2016
1050,Gold,52,2016
1051,Exchange,53,2016
1052,679,54,2016
1053,Oui,55,2016
1054,Hands To Myself,56,2016
1055,2 Phones,57,2016
1056,Starboy,58,2016
1057,For Free,59,2016
1058,Never Be Like You,60,2016
1059,In The Night,61,2016
1060,Me Too,62,2016
1061,Ex's & Oh's,63,2016
1062,Die A Happy Man,64,2016
1063,White Iverson,65,2016
1064,Close,66,2016
1065,Unsteady,67,2016
1066,Sucker For Pain,68,2016
1067,Down In The DM,69,2016
1068,Luv,70,2016
1069,Sorry,71,2016
1070,Can't Feel My Face,72,2016
1071,Hymn For The Weekend,73,2016
1072,Say It,74,2016
1073,Antidote,75,2016
1074,Lost Boy,76,2016
1075,Side To Side,77,2016
1076,"Sit Still, Look Pretty",78,2016
1077,Wildest Dreams,79,2016
1078,Middle,80,2016
1079,On My Mind,81,2016
1080,Pop Style,82,2016
1081,When We Were Young,83,2016
1082,Hide Away,84,2016
1083,Lean On,85,2016
1084,I Know What You Did Last Summer,86,2016
1085,Watch Me,87,2016
1086,Back To Sleep,88,2016
1087,No Limit,89,2016
1088,Cut It,90,2016
1089,Really Really,91,2016
1090,All In My Head (Flex),92,2016
1091,Starving,93,2016
1092,Adventure Of A Lifetime,94,2016
1093,Humble And Kind,95,2016
1094,Wicked,96,2016
1095,Tiimmy Turner,97,2016
1096,See You Again,98,2016
1097,Perfect,99,2016
1098,Shape Of You,1,2017
1099,Despacito,2,2017
1100,That's What I Like,3,2017
1101,Humble.,4,2017
1102,Something Just Like This,5,2017
1103,Bad And Boujee,6,2017
1104,Closer,7,2017
1105,Body Like A Back Road,8,2017
1106,Believer,9,2017
1107,Congratulations,10,2017
1108,Say You Won't Let Go,11,2017
1109,I'm The One,12,2017
1110,XO TOUR Llif3,13,2017
1111,Mask Off,14,2017
1112,Unforgettable,15,2017
1113,24K Magic,16,2017
1114,Stay,17,2017
1115,Wild Thoughts,18,2017
1116,Black Beatles,19,2017
1117,Starboy,20,2017
1118,Location,21,2017
1119,Attention,22,2017
1120,There's Nothing Holdin' Me Back,23,2017
1121,Bodak Yellow (Money Moves),24,2017
1122,Redbone,25,2017
1123,I Don't Wanna Live Forever (Fifty Shades Darker),26,2017
1124,It Ain't Me,27,2017
1125,iSpy,28,2017
1126,Issues,29,2017
1127,Scars To Your Beautiful,30,2017
1128,1-800-273-8255,31,2017
1129,Slow Hands,32,2017
1130,Love On The Brain,33,2017
1131,I Feel It Coming,34,2017
1132,Bounce Back,35,2017
1133,Strip That Down,36,2017
1134,Fake Love,37,2017
1135,Don't Wanna Know,38,2017
1136,Look What You Made Me Do,39,2017
1137,Castle On The Hill,40,2017
1138,Bad Things,41,2017
1139,Paris,42,2017
1140,Side To Side,43,2017
1141,Rockabye,44,2017
1142,Feel It Still,45,2017
1143,Let Me Love You,46,2017
1144,Sorry Not Sorry,47,2017
1145,Bank Account,48,2017
1146,Can't Stop The Feeling!,49,2017
1147,Mi Gente,50,2017
1148,Thunder,51,2017
1149,T-Shirt,52,2017
1150,Rake It Up,53,2017
1151,Mercy,54,2017
1152,Tunnel Vision,55,2017
1153,Rockstar,56,2017
1154,In Case You Didn't Know,57,2017
1155,Heathens,58,2017
1156,Now Or Never,59,2017
1157,Caroline,60,2017
1158,Rolex,61,2017
1159,DNA.,62,2017
1160,Juju On That Beat (TZ Anthem),63,2017
1161,Swang,64,2017
1162,Passionfruit,65,2017
1163,Loyalty.,66,2017
1164,Praying,67,2017
1165,Goosebumps,68,2017
1166,Cold,69,2017
1167,Broccoli,70,2017
1168,Slide,71,2017
1169,What Ifs,72,2017
1170,Chained To The Rhythm,73,2017
1171,Feels,74,2017
1172,All Time Low,75,2017
1173,Hurricane,76,2017
1174,Too Good At Goodbyes,77,2017
1175,Young Dumb & Broke,78,2017
1176,Magnolia,79,2017
1177,Love Galore,80,2017
1178,Drowning,81,2017
1179,Starving,82,2017
1180,Both,83,2017
1181,What About Us,84,2017
1182,Swalla,85,2017
1183,Slippery,86,2017
1184,Sign Of The Times,87,2017
1185,Water Under The Bridge,88,2017
1186,Malibu,89,2017
1187,Down,90,2017
1188,No Promises,91,2017
1189,Treat You Better,92,2017
1190,I Get The Bag,93,2017
1191,Small Town Boy,94,2017
1192,Everyday We Lit,95,2017
1193,Havana,96,2017
1194,What Lovers Do,97,2017
1195,Do Re Mi,98,2017
1196,Look At Me!,99,2017
1197,The Fighter,100,2017
1198,God's Plan,1,2018
1199,Perfect,2,2018
1200,Meant To Be,3,2018
1201,Havana,4,2018
1202,Rockstar,5,2018
1203,Psycho,6,2018
1204,I Like It,7,2018
1205,The Middle,8,2018
1206,In My Feelings,9,2018
1207,Girls Like You,10,2018
1208,Nice For What,11,2018
1209,Lucid Dreams,12,2018
1210,Better Now,13,2018
1211,Finesse,14,2018
1212,Boo'd Up,15,2018
1213,New Rules,16,2018
1214,Sad!,17,2018
1215,Never Be The Same,18,2018
1216,Love Lies,19,2018
1217,No Tears Left To Cry,20,2018
1218,Mine,21,2018
1219,Thunder,22,2018
1220,Look Alive,23,2018
1221,Delicate,24,2018
1222,Yes Indeed,25,2018
1223,Friends,26,2018
1224,Bad At Love,27,2018
1225,Taste,28,2018
1226,Let You Down,29,2018
1227,No Limit,30,2018
1228,FEFE,31,2018
1229,Tequila,32,2018
1230,Feel It Still,33,2018
1231,MotorSport,34,2018
1232,I Like Me Better,35,2018
1233,Youngblood,36,2018
1234,Whatever It Takes,37,2018
1235,Ric Flair Drip,38,2018
1236,I Fall Apart,39,2018
1237,Pray For Me,40,2018
1238,Back To You,41,2018
1239,Sicko Mode,42,2018
1240,Walk It Talk It,43,2018
1241,Gucci Gang,44,2018
1242,Him & I,45,2018
1243,In My Blood,46,2018
1244,All The Stars,47,2018
1245,Stir Fry,48,2018
1246,Too Good At Goodbyes,49,2018
1247,Love.,50,2018
1248,This Is America,51,2018
1249,Nonstop,52,2018
1250,Heaven,53,2018
1251,Bodak Yellow (Money Moves),54,2018
1252,Freaky Friday,55,2018
1253,Gummo,56,2018
1254,Plug Walk,57,2018
1255,Wait,58,2018
1256,Be Careful,59,2018
1257,Wolves,60,2018
1258,Bartier Cardi,61,2018
1259,God Is A Woman,62,2018
1260,Big Bank,63,2018
1261,Sorry Not Sorry,64,2018
1262,How Long,65,2018
1263,Lights Down Low,66,2018
1264,Young Dumb & Broke,67,2018
1265,One Kiss,68,2018
1266,Natural,69,2018
1267,You Make It Easy,70,2018
1268,Shape Of You,71,2018
1269,I Get The Bag,72,2018
1270,No Brainer,73,2018
1271,Plain Jane,74,2018
1272,Sky Walker,75,2018
1273,Marry Me,76,2018
1274,Eastside,77,2018
1275,Call Out My Name,78,2018
1276,King's Dead,79,2018
1277,Happier,80,2018
1278,Te Bote,81,2018
1279,Simple,82,2018
1280,Lemon,83,2018
1281,1-800-273-8255,84,2018
1282,Say Something,85,2018
1283,I'm Upset,86,2018
1284,Get Along,87,2018
1285,Moonlight,88,2018
1286,What Lovers Do,89,2018
1287,X,90,2018
1288,Outside Today,91,2018
1289,Trip,92,2018
1290,Dura,93,2018
1291,Changes,94,2018
1292,Mercy,95,2018
1293,One Number Away,96,2018
1294,Powerglide,97,2018
1295,IDGAF,98,2018
1296,Mi Gente,99,2018
1297,Believer,100,2018
1298,Old Town Road,1,2019
1299,Sunflower (Spider-Man: Into The Spider-Verse),2,2019
1300,Without Me,3,2019
1301,Bad Guy,4,2019
1302,Wow.,5,2019
1303,Happier,6,2019
1304,7 Rings,7,2019
1305,Talk,8,2019
1306,Sicko Mode,9,2019
1307,Sucker,10,2019
1308,High Hopes,11,2019
1309,"Thank U, Next",12,2019
1310,Truth Hurts,13,2019
1311,Dancing With A Stranger,14,2019
1312,Senorita,15,2019
1313,I Don't Care,16,2019
1314,Eastside,17,2019
1315,Going Bad,18,2019
1316,Shallow,19,2019
1317,Better,20,2019
1318,No Guidance,21,2019
1319,Girls Like You,22,2019
1320,Sweet But Psycho,23,2019
1321,Suge,24,2019
1322,Middle Child,25,2019
1323,Drip Too Hard,26,2019
1324,Someone You Loved,27,2019
1325,Ran$om,28,2019
1326,If I Can't Have You,29,2019
1327,Goodbyes,30,2019
1328,ZEZE,31,2019
1329,Better Now,32,2019
1330,Youngblood,33,2019
1331,Money In The Grave,34,2019
1332,Speechless,35,2019
1333,"Break Up With Your Girlfriend, I'm Bored",36,2019
1334,Please Me,37,2019
1335,Money,38,2019
1336,You Need To Calm Down,39,2019
1337,Panini,40,2019
1338,Look Back At It,41,2019
1339,A Lot,42,2019
1340,ME!,43,2019
1341,MIA,44,2019
1342,Pop Out,45,2019
1343,Beautiful Crazy,46,2019
1344,Thotiana,47,2019
1345,Lucid Dreams,48,2019
1346,Mo Bamba,49,2019
1347,Beautiful People,50,2019
1348,Wake Up In The Sky,51,2019
1349,Whiskey Glasses,52,2019
1350,God's Country,53,2019
1351,Be Alright,54,2019
1352,Pure Water,55,2019
1353,The Git Up,56,2019
1354,Taki Taki,57,2019
1355,Close To Me,58,2019
1356,Envy Me,59,2019
1357,You Say,60,2019
1358,"Hey Look Ma, I Made It",61,2019
1359,Circles,62,2019
1360,Beer Never Broke My Heart,63,2019
1361,The London,64,2019
1362,Con Calma,65,2019
1363,Murder On My Mind,66,2019
1364,When The Party's Over,67,2019
1365,Act Up,68,2019
1366,I Like It,69,2019
1367,Trampoline,70,2019
1368,Leave Me Alone,71,2019
1369,Breathin,72,2019
1370,Bury A Friend,73,2019
1371,Close Friends,74,2019
1372,Baby Shark,75,2019
1373,My Type,76,2019
1374,Worth It,77,2019
1375,Only Human,78,2019
1376,Knockin' Boots,79,2019
1377,Trip,80,2019
1378,Rumor,81,2019
1379,Swervin,82,2019
1380,How Do You Sleep?,83,2019
1381,Baby,84,2019
1382,Look What God Gave Her,85,2019
1383,Good As You,86,2019
1384,Clout,87,2019
1385,Love Lies,88,2019
1386,One Thing Right,89,2019
1387,Cash Shit,90,2019
1388,Tequila,91,2019
1389,Shotta Flow,92,2019
1390,Hot Girl Summer,93,2019
1391,Talk You Out Of It,94,2019
1392,Beautiful,95,2019
1393,Eyes On You,96,2019
1394,All To Myself,97,2019
1395,Boyfriend,98,2019
1396,Walk Me Home,99,2019
1397,Robbery,100,2019
1398,Blinding Lights,1,2020
1399,Circles,2,2020
1400,The Box,3,2020
1401,Don't Start Now,4,2020
1402,Rockstar,5,2020
1403,Adore You,6,2020
1404,Life Is Good,7,2020
1405,Memories,8,2020
1406,The Bones,9,2020
1407,Someone You Loved,10,2020
1408,Say So,11,2020
1409,I Hope,12,2020
1410,Whats Poppin,13,2020
1411,Dance Monkey,14,2020
1412,Savage,15,2020
1413,Roxanne,16,2020
1414,Intentions,17,2020
1415,Everything I Wanted,18,2020
1416,Roses,19,2020
1417,Watermelon Sugar,20,2020
1418,Before You Go,21,2020
1419,Falling,22,2020
1420,"10,000 Hours",23,2020
1421,WAP,24,2020
1422,Ballin',25,2020
1423,Hot Girl Bummer,26,2020
1424,Blueberry Faygo,27,2020
1425,Heartless,28,2020
1426,BOP,29,2020
1427,Lose You To Love Me,30,2020
1428,Good As Hell,31,2020
1429,Toosie Slide,32,2020
1430,Break My Heart,33,2020
1431,Chasin' You,34,2020
1432,Savage Love (Laxed - Siren Beat),35,2020
1433,No Guidance,36,2020
1434,My Oh My,37,2020
1435,Dynamite,38,2020
1436,Go Crazy,39,2020
1437,High Fashion,40,2020
1438,Laugh Now Cry Later,41,2020
1439,Woah,42,2020
1440,Death Bed,43,2020
1441,Senorita,44,2020
1442,HIGHEST IN THE ROOM,45,2020
1443,Bad Guy,46,2020
1444,Mood,47,2020
1445,Rain On Me,48,2020
1446,For The Night,49,2020
1447,RITMO (Bad Boys For Life),50,2020
1448,Heart On Ice,51,2020
1449,Nobody But You,52,2020
1450,Trampoline,53,2020
1451,Come & Go,54,2020
1452,Truth Hurts,55,2020
1453,If The World Was Ending,56,2020
1454,We Paid,57,2020
1455,Yummy,58,2020
1456,One Man Band,59,2020
1457,Got What I Got,60,2020
1458,Sunday Best,61,2020
1459,Godzilla,62,2020
1460,Bandit,63,2020
1461,Party Girl,64,2020
1462,Die From A Broken Heart,65,2020
1463,Popstar,66,2020
1464,All I Want For Christmas Is You,67,2020
1465,One Of Them Girls,68,2020
1466,Hard To Forget,69,2020
1467,One Margarita,70,2020
1468,Panini,71,2020
1469,Hot,72,2020
1470,I Hope You're Happy Now,73,2020
1471,Emotionally Scarred,74,2020
1472,Suicidal,75,2020
1473,The Bigger Picture,76,2020
1474,Only Human,77,2020
1475,The Woo,78,2020
1476,Sum 2 Prove,79,2020
1477,Stuck With U,80,2020
1478,Mood Swings,81,2020
1479,You Should Be Sad,82,2020
1480,Dior,83,2020
1481,Supalonely,84,2020
1482,Even Though I'm Leaving,85,2020
1483,The Scotts,86,2020
1484,Juicy,87,2020
1485,Be Like That,88,2020
1486,Homesick,89,2020
1487,Rags2Riches,90,2020
1488,Bluebird,91,2020
1489,Wishing Well,92,2020
1490,Does To Me,93,2020
1491,P*$$y Fairy (OTW),94,2020
1492,ily,95,2020
1493,More Than My Hometown,96,2020
1494,Lovin' On You,97,2020
1495,Said Sum,98,2020
1496,Slide,99,2020
1497,Walk Em Down,100,2020
1498,Levitating,1,2021
1499,Save Your Tears,2,2021
1500,Blinding Lights,3,2021
1501,Mood,4,2021
1502,Good 4 U,5,2021
1503,Kiss Me More,6,2021
1504,Leave The Door Open,7,2021
1505,Drivers License,8,2021
1506,Montero (Call Me By Your Name),9,2021
1507,Peaches,10,2021
1508,Butter,11,2021
1509,Stay,12,2021
1510,Deja Vu,13,2021
1511,Positions,14,2021
1512,Bad Habits,15,2021
1513,Heat Waves,16,2021
1514,Without You,17,2021
1515,Forever After All,18,2021
1516,Go Crazy,19,2021
1517,Astronaut In The Ocean,20,2021
1518,34+35,21,2021
1519,What You Know Bout Love,22,2021
1520,My Ex's Best Friend,23,2021
1521,Industry Baby,24,2021
1522,Therefore I Am,25,2021
1523,Up,26,2021
1524,Fancy Like,27,2021
1525,Dakiti,28,2021
1526,Best Friend,29,2021
1527,Rapstar,30,2021
1528,Heartbreak Anniversary,31,2021
1529,For The Night,32,2021
1530,Calling My Phone,33,2021
1531,Beautiful Mistakes,34,2021
1532,Holy,35,2021
1533,On Me,36,2021
1534,You Broke Me First.,37,2021
1535,Traitor,38,2021
1536,Back In Blood,39,2021
1537,I Hope,40,2021
1538,Dynamite,41,2021
1539,Wockesha,42,2021
1540,You Right,43,2021
1541,Beat Box,44,2021
1542,Laugh Now Cry Later,45,2021
1543,Need To Know,46,2021
1544,Wants And Needs,47,2021
1545,Way 2 Sexy,48,2021
1546,Telepatia,49,2021
1547,Whoopty,50,2021
1548,Lemonade,51,2021
1549,Good Days,52,2021
1550,Starting Over,53,2021
1551,Body,54,2021
1552,Willow,55,2021
1553,Bang!,56,2021
1554,Better Together,57,2021
1555,You're Mines Still,58,2021
1556,Every Chance I Get,59,2021
1557,Essence,60,2021
1558,Chasing After You,61,2021
1559,The Good Ones,62,2021
1560,Leave Before You Love Me,63,2021
1561,Glad You Exist,64,2021
1562,Lonely,65,2021
1563,Beggin',66,2021
1564,Streets,67,2021
1565,What's Next,68,2021
1566,Famous Friends,69,2021
1567,Lil Bit,70,2021
1568,Thot Shit,71,2021
1569,Late At Night,72,2021
1570,Kings & Queens,73,2021
1571,Anyone,74,2021
1572,Track Star,75,2021
1573,Time Today,76,2021
1574,Cry Baby,77,2021
1575,All I Want For Christmas Is You,78,2021
1576,No More Parties,79,2021
1577,What's Your Country Song,80,2021
1578,One Too Many,81,2021
1579,Arcade,82,2021
1580,Yonaguni,83,2021
1581,Good Time,84,2021
1582,If I Didn't Love You,85,2021
1583,Knife Talk,86,2021
1584,pov,87,2021
1585,Just The Way,88,2021
1586,Take My Breath,89,2021
1587,We're Good,90,2021
1588,Hell Of A View,91,2021
1589,Rockin' Around The Christmas Tree,92,2021
1590,Put Your Records On,93,2021
1591,Happier Than Ever,94,2021
1592,Single Saturday Night,95,2021
1593,Things A Man Oughta Know,96,2021
1594,Throat Baby (Go Baby),97,2021
1595,Tombstone,98,2021
1596,Drinkin' Beer. Talkin' God. Amen.,99,2021
1597,Todo de Ti,100,2021