song_id,title,artist,rank,year
0,Bad Day,Daniel Powter,1,2006
1,Temperature,Sean Paul,2,2006
2,Promiscuous,Nelly Furtado Featuring Timbaland,3,2006
3,You're Beautiful,James Blunt,4,2006
4,Hips Don't Lie,Shakira Featuring Wyclef Jean,5,2006
5,Unwritten,Natasha Bedingfield,6,2006
6,Crazy,Gnarls Barkley,7,2006
7,Ridin',Chamillionaire Featuring Krayzie Bone,8,2006
8,SexyBack,Justin Timberlake,9,2006
9,Check On It,Beyonce Featuring Slim Thug,10,2006
10,Be Without You,Mary J. Blige,11,2006
11,Grillz,"Nelly Featuring Paul Wall, Ali & Gipp",12,2006
12,Over My Head (Cable Car),The Fray,13,2006
13,Me & U,Cassie,14,2006
14,Buttons,The Pussycat Dolls Featuring Snoop Dogg,15,2006
15,Run It!,Chris Brown,16,2006
16,So Sick,Ne-Yo,17,2006
17,It's Goin' Down,Yung Joc,18,2006
18,SOS,Rihanna,19,2006
19,I Write Sins Not Tragedies,Panic! At The Disco,20,2006
20,Move Along,The All-American Rejects,21,2006
21,London Bridge,Fergie,22,2006
22,Dani California,Red Hot Chili Peppers,23,2006
23,Snap Yo Fingers,Lil Jon Featuring E-40 & Sean Paul Of The YoungBloodZ,24,2006
24,"Lean Wit It, Rock Wit It",Dem Franchize Boyz Featuring Lil Peanut & Charlay,25,2006
25,What Hurts The Most,Rascal Flatts,26,2006
26,How To Save A Life,The Fray,27,2006
27,Unfaithful,Rihanna,28,2006
28,Chasing Cars,Snow Patrol,29,2006
29,Lips Of An Angel,Hinder,30,2006
30,Everytime We Touch,Cascada,31,2006
31,Ain't No Other Man,Christina Aguilera,32,2006
32,"Dance, Dance",Fall Out Boy,33,2006
33,Gold Digger,Kanye West Featuring Jamie Foxx,34,2006
34,Money Maker,Ludacris Featuring Pharrell,35,2006
35,Ms. New Booty,Bubba Sparxxx Featuring Ying Yang Twins & Mr. ColliPark,36,2006
36,(When You Gonna) Give It Up To Me,Sean Paul Featuring Keyshia Cole,37,2006
37,Photograph,Nickelback,38,2006
38,Because Of You,Kelly Clarkson,39,2006
39,Stickwitu,The Pussycat Dolls,40,2006
40,I'm N Luv (Wit A Stripper),T-Pain Featuring Mike Jones,41,2006
41,My Humps,The Black Eyed Peas,42,2006
42,Where'd You Go,Fort Minor Featuring Holly Brook,43,2006
43,Yo (Excuse Me Miss),Chris Brown,44,2006
44,Walk Away,Kelly Clarkson,45,2006
45,Laffy Taffy,D4L,46,2006
46,What You Know,T.I.,47,2006
47,Dirty Little Secret,The All-American Rejects,48,2006
48,Savin' Me,Nickelback,49,2006
49,Don't Forget About Us,Mariah Carey,50,2006
50,Sexy Love,Ne-Yo,51,2006
51,U And Dat,E-40 Featuring T-Pain & Kandi Girl,52,2006
52,Far Away,Nickelback,53,2006
53,What's Left Of Me,Nick Lachey,54,2006
54,So What,Field Mob Featuring Ciara,55,2006
55,Do It To It,Cherish Featuring Sean Paul Of The YoungBloodZ,56,2006
56,Black Horse & The Cherry Tree,KT Tunstall,57,2006
57,There It Go! (The Whistle Song),Juelz Santana,58,2006
58,Shoulder Lean,Young Dro Featuring T.I.,59,2006
59,Unpredictable,Jamie Foxx Featuring Ludacris,60,2006
60,My Love,Justin Timberlake Featuring T.I.,61,2006
61,Shake That,Eminem Featuring Nate Dogg,62,2006
62,Pullin' Me Back,Chingy Featuring Tyrese,63,2006
63,Bossy,Kelis Featuring Too $hort,64,2006
64,Chain Hang Low,Jibbs,65,2006
65,Smack That,Akon Featuring Eminem,66,2006
66,One Wish,Ray J,67,2006
67,"Sugar, We're Goin' Down",Fall Out Boy,68,2006
68,Gimme That,Chris Brown Featuring Lil Wayne,69,2006
69,I Know You See It,Yung Joc Featuring Brandy 'Ms. B.' Hambrick,70,2006
70,Who Says You Can't Go Home,Bon Jovi,71,2006
71,Too Little Too Late,JoJo,72,2006
72,Touch It,Busta Rhymes,73,2006
73,Rompe,Daddy Yankee,74,2006
74,Deja Vu,Beyonce Featuring Jay Z,75,2006
75,Life Is A Highway,Rascal Flatts,76,2006
76,Call Me When You're Sober,Evanescence,77,2006
77,"Jesus, Take The Wheel",Carrie Underwood,78,2006
78,Show Stopper,Danity Kane,79,2006
79,Get Up,Ciara Featuring Chamillionaire,80,2006
80,We Be Burnin',Sean Paul,81,2006
81,Hate Me,Blue October,82,2006
82,You And Me,Lifehouse,83,2006
83,Beep,The Pussycat Dolls Featuring will.i.am,84,2006
84,I Think They Like Me,"Dem Franchize Boyz Featuring Jermaine Dupri, Da Brat & Bow Wow",85,2006
85,Say Goodbye,Chris Brown,86,2006
86,Waiting On The World To Change,John Mayer,87,2006
87,Soul Survivor,Young Jeezy Featuring Akon,88,2006
88,Pump It,The Black Eyed Peas,89,2006
89,When I'm Gone,Eminem,90,2006
90,Hung Up,Madonna,91,2006
91,Stay Fly,Three 6 Mafia Featuring Young Buck & Eightball & MJG,92,2006
92,Love,Keyshia Cole,93,2006
93,When You're Mad,Ne-Yo,94,2006
94,Why You Wanna,T.I.,95,2006
95,Stupid Girls,P!nk,96,2006
96,Feel Good Inc,Gorillaz,97,2006
97,I'm Sprung,T-Pain,98,2006
98,Do I Make You Proud,Taylor Hicks,99,2006
99,For You I Will (Confidence),Teddy Geiger,100,2006
100,Irreplaceable,Beyonce,1,2007
101,Umbrella,Rihanna Featuring Jay-Z,2,2007
102,The Sweet Escape,Gwen Stefani Featuring Akon,3,2007
103,Big Girls Don't Cry,Fergie,4,2007
104,Buy U A Drank (Shawty Snappin'),T-Pain Featuring Yung Joc,5,2007
105,Before He Cheats,Carrie Underwood,6,2007
106,Hey There Delilah,Plain White T's,7,2007
107,I Wanna Love You,Akon Featuring Snoop Dogg,8,2007
108,Say It Right,Nelly Furtado,9,2007
109,Glamorous,Fergie Featuring Ludacris,10,2007
110,Don't Matter,Akon,11,2007
111,Girlfriend,Avril Lavigne,12,2007
112,Makes Me Wonder,Maroon 5,13,2007
113,Party Like A Rockstar,Shop Boyz,14,2007
114,Smack That,Akon Featuring Eminem,15,2007
115,This Is Why I'm Hot,Mims,16,2007
116,It's Not Over,Daughtry,17,2007
117,The Way I Are,Timbaland Featuring Keri Hilson,18,2007
118,Fergalicious,Fergie,19,2007
119,Crank That (Soulja Boy),Soulja Boy Tell'em,20,2007
120,Give It To Me,Timbaland Featuring Nelly Furtado & Justin Timberlake,21,2007
121,What Goes Around...Comes Around,Justin Timberlake,22,2007
122,Cupid's Chokehold/Breakfast In America,Gym Class Heroes Featuring Patrick Stump,23,2007
123,How To Save A Life,The Fray,24,2007
124,Home,Daughtry,25,2007
125,My Love,Justin Timberlake Featuring T.I.,26,2007
126,Stronger,Kanye West,27,2007
127,We Fly High,Jim Jones,28,2007
128,U + Ur Hand,P!nk,29,2007
129,Walk It Out,Unk,30,2007
130,Beautiful Girls,Sean Kingston,31,2007
131,"This Ain't A Scene, It's An Arms Race",Fall Out Boy,32,2007
132,Bartender,T-Pain Featuring Akon,33,2007
133,"Pop, Lock & Drop It",Huey,34,2007
134,Runaway Love,Ludacris Featuring Mary J. Blige,35,2007
135,Rockstar,Nickelback,36,2007
136,Thnks Fr Th Mmrs,Fall Out Boy,37,2007
137,What I've Done,Linkin Park,38,2007
138,Summer Love,Justin Timberlake,39,2007
139,You,Lloyd Featuring Lil Wayne,40,2007
140,Wait For You,Elliott Yamin,41,2007
141,Last Night,Diddy Featuring Keyshia Cole,42,2007
142,Make It Rain,Fat Joe Featuring Lil Wayne,43,2007
143,Make Me Better,Fabolous Featuring Ne-Yo,44,2007
144,Ice Box,Omarion,45,2007
145,Lips Of An Angel,Hinder,46,2007
146,Waiting On The World To Change,John Mayer,47,2007
147,Lost Without U,Robin Thicke,48,2007
148,I'm A Flirt,R. Kelly Or Bow Wow (Featuring T.I. & T-Pain),49,2007
149,If Everyone Cared,Nickelback,50,2007
150,Get It Shawty,Lloyd,51,2007
151,Face Down,The Red Jumpsuit Apparatus,52,2007
152,The Way I Live,Baby Boy Da Prince Featuring Lil Boosie,53,2007
153,Shortie Like Mine,Bow Wow Featuring Chris Brown & Johnta Austin,54,2007
154,It Ends Tonight,The All-American Rejects,55,2007
155,A Bay Bay,Hurricane Chris,56,2007
156,Because Of You,Ne-Yo,57,2007
157,I Tried,Bone Thugs-N-Harmony Featuring Akon,58,2007
158,Welcome To The Black Parade,My Chemical Romance,59,2007
159,Shawty,Plies Featuring T-Pain,60,2007
160,Chasing Cars,Snow Patrol,61,2007
161,Beautiful Liar,Beyonce & Shakira,62,2007
162,SexyBack,Justin Timberlake,63,2007
163,Keep Holding On,Avril Lavigne,64,2007
164,Let It Go,Keyshia Cole Featuring Missy Elliott & Lil Kim,65,2007
165,Apologize,Timbaland Featuring OneRepublic,66,2007
166,Bubbly,Colbie Caillat,67,2007
167,Like A Boy,Ciara,68,2007
168,Who Knew,P!nk,69,2007
169,Never Again,Kelly Clarkson,70,2007
170,Promise,Ciara,71,2007
171,Bed,J. Holiday,72,2007
172,Throw Some D's,Rich Boy Featuring Polow Da Don,73,2007
173,Rehab,Amy Winehouse,74,2007
174,Big Things Poppin' (Do It),T.I.,75,2007
175,No One,Alicia Keys,76,2007
176,The Great Escape,Boys Like Girls,77,2007
177,2 Step,Unk,78,2007
178,Walk Away (Remember Me),Paula DeAnda Featuring The DEY,79,2007
179,Go Getta,Young Jeezy Featuring R. Kelly,80,2007
180,Here (In Your Arms),Hellogoodbye,81,2007
181,On The Hotline,Pretty Ricky,82,2007
182,Wind It Up,Gwen Stefani,83,2007
183,Cyclone,Baby Bash Featuring T-Pain,84,2007
184,Break It Off,Rihanna & Sean Paul,85,2007
185,First Time,Lifehouse,86,2007
186,Ayo Technology,50 Cent Featuring Justin Timberlake & Timbaland,87,2007
187,Outta My System,Bow Wow Featuring T-Pain & Johnta Austin,88,2007
188,Teardrops On My Guitar,Taylor Swift,89,2007
189,Shut Up And Drive,Rihanna,90,2007
190,Snow ((Hey Oh)),Red Hot Chili Peppers,91,2007
191,Money Maker,Ludacris Featuring Pharrell,92,2007
192,Kiss Kiss,Chris Brown Featuring T-Pain,93,2007
193,Far Away,Nickelback,94,2007
194,Rock Yo Hips,Crime Mob Featuring Lil Scrappy,95,2007
195,LoveStoned,Justin Timberlake,96,2007
196,Better Than Me,Hinder,97,2007
197,Paralyzer,Finger Eleven,98,2007
198,That's That,Snoop Dogg Featuring R. Kelly,99,2007
199,Same Girl,R. Kelly Duet With Usher,100,2007
200,Low,Flo Rida Featuring T-Pain,1,2008
201,Bleeding Love,Leona Lewis,2,2008
202,No One,Alicia Keys,3,2008
203,Lollipop,Lil Wayne Featuring Static Major,4,2008
204,Apologize,Timbaland Featuring OneRepublic,5,2008
205,No Air,Jordin Sparks Duet With Chris Brown,6,2008
206,Love Song,Sara Bareilles,7,2008
207,Love In This Club,Usher Featuring Young Jeezy,8,2008
208,With You,Chris Brown,9,2008
209,Forever,Chris Brown,10,2008
210,Sexy Can I,Ray J & Yung Berg,11,2008
211,Take A Bow,Rihanna,12,2008
212,Viva La Vida,Coldplay,13,2008
213,I Kissed A Girl,Katy Perry,14,2008
214,Whatever You Like,T.I.,15,2008
215,Disturbia,Rihanna,16,2008
216,Don't Stop The Music,Rihanna,17,2008
217,Pocketful Of Sunshine,Natasha Bedingfield,18,2008
218,Kiss Kiss,Chris Brown Featuring T-Pain,19,2008
219,Closer,Ne-Yo,20,2008
220,Bubbly,Colbie Caillat,21,2008
221,Touch My Body,Mariah Carey,22,2008
222,4 Minutes,Madonna Featuring Justin Timberlake & Timbaland,23,2008
223,So What,P!nk,24,2008
224,Paralyzer,Finger Eleven,25,2008
225,Clumsy,Fergie,26,2008
226,I'm Yours,Jason Mraz,27,2008
227,Leavin',Jesse McCartney,28,2008
228,Dangerous,Kardinal Offishall Featuring Akon,29,2008
229,Tattoo,Jordin Sparks,30,2008
230,See You Again,Miley Cyrus,31,2008
231,Shake It,Metro Station,32,2008
232,Stop And Stare,OneRepublic,33,2008
233,Take You There,Sean Kingston,34,2008
234,Paper Planes,M.I.A.,35,2008
235,Hot N Cold,Katy Perry,36,2008
236,Live Your Life,T.I. Featuring Rihanna,37,2008
237,Bust It Baby Part 2,Plies Featuring Ne-Yo,38,2008
238,American Boy,Estelle Featuring Kanye West,39,2008
239,Got Money,Lil Wayne Featuring T-Pain,40,2008
240,Our Song,Taylor Swift,41,2008
241,Damaged,Danity Kane,42,2008
242,A Milli,Lil Wayne,43,2008
243,Sorry,Buckcherry,44,2008
244,Independent,Webbie Featuring Lil' Phat & Lil' Boosie,45,2008
245,Can't Believe It,T-Pain Featuring Lil Wayne,46,2008
246,Like You'll Never See Me Again,Alicia Keys,47,2008
247,Teardrops On My Guitar,Taylor Swift,48,2008
248,When I Grow Up,The Pussycat Dolls,49,2008
249,Sensual Seduction,Snoop Dogg,50,2008
250,What You Got,Colby O'Donis Featuring Akon,51,2008
251,It's Not My Time,3 Doors Down,52,2008
252,Better In Time,Leona Lewis,53,2008
253,Crank That (Soulja Boy),Soulja Boy Tell'em,54,2008
254,Shadow Of The Day,Linkin Park,55,2008
255,Sweetest Girl (Dollar Bill),"Wyclef Jean Featuring Akon, Lil Wayne & Niia",56,2008
256,Miss Independent,Ne-Yo,57,2008
257,Fall For You,Secondhand Serenade,58,2008
258,In The Ayer,Flo Rida Featuring will.i.am,59,2008
259,Say,John Mayer,60,2008
260,One Step At A Time,Jordin Sparks,61,2008
261,Hate That I Love You,Rihanna Featuring Ne-Yo,62,2008
262,Superstar,Lupe Fiasco Featuring Matthew Santos,63,2008
263,Suffocate,J. Holiday,64,2008
264,Let It Rock,Kevin Rudolf Featuring Lil Wayne,65,2008
265,Get Like Me,David Banner Featuring Chris Brown,66,2008
266,Realize,Colbie Caillat,67,2008
267,Put On,Young Jeezy Featuring Kanye West,68,2008
268,The Time Of My Life,David Cook,69,2008
269,Lolli Lolli (Pop That Body),"Three 6 Mafia Featuring Project Pat, Young D & Superpower",70,2008
270,Cyclone,Baby Bash Featuring T-Pain,71,2008
271,Love Like This,Natasha Bedingfield Featuring Sean Kingston,72,2008
272,Burnin' Up,Jonas Brothers,73,2008
273,Love Lockdown,Kanye West,74,2008
274,I Luv Your Girl,The-Dream,75,2008
275,Crush,David Archuleta,76,2008
276,Hypnotized,Plies Featuring Akon,77,2008
277,Big Girls Don't Cry,Fergie,78,2008
278,Good Life,Kanye West Featuring T-Pain,79,2008
279,Womanizer,Britney Spears,80,2008
280,Love Story,Taylor Swift,81,2008
281,Just Fine,Mary J. Blige,82,2008
282,Piece Of Me,Britney Spears,83,2008
283,The Boss,Rick Ross Featuring T-Pain,84,2008
284,All Summer Long,Kid Rock,85,2008
285,Can't Help But Wait,Trey Songz,86,2008
286,In Love With A Girl,Gavin DeGraw,87,2008
287,My Life,The Game Featuring Lil Wayne,88,2008
288,I Remember,Keyshia Cole,89,2008
289,Flashing Lights,Kanye West Featuring Dwele,90,2008
290,Mrs. Officer,Lil Wayne Featuring Bobby Valentino & Kidd Kidd,91,2008
291,7 Things,Miley Cyrus,92,2008
292,You're Gonna Miss This,Trace Adkins,93,2008
293,Love Remains The Same,Gavin Rossdale,94,2008
294,Feels Like Tonight,Daughtry,95,2008
295,The Way I Are,Timbaland Featuring Keri Hilson,96,2008
296,Addicted,Saving Abel,97,2008
297,Into The Night,Santana Featuring Chad Kroeger,98,2008
298,Heaven Sent,Keyshia Cole,99,2008
299,She Got It,2 Pistols Featuring T-Pain & Tay Dizm,100,2008
300,Boom Boom Pow,The Black Eyed Peas,1,2009
301,Poker Face,Lady Gaga,2,2009
302,Just Dance,Lady Gaga Featuring Colby O'Donis,3,2009
303,I Gotta Feeling,The Black Eyed Peas,4,2009
304,Love Story,Taylor Swift,5,2009
305,Right Round,Flo Rida,6,2009
306,I'm Yours,Jason Mraz,7,2009
307,Single Ladies (Put A Ring On It),Beyonce,8,2009
308,Heartless,Kanye West,9,2009
309,Gives You Hell,The All-American Rejects,10,2009
310,You Belong With Me,Taylor Swift,11,2009
311,Dead And Gone,T.I. Featuring Justin Timberlake,12,2009
312,You Found Me,The Fray,13,2009
313,Use Somebody,Kings Of Leon,14,2009
314,Knock You Down,Keri Hilson Featuring Kanye West & Ne-Yo,15,2009
315,Blame It,Jamie Foxx Featuring T-Pain,16,2009
316,I Know You Want Me (Calle Ocho),Pitbull,17,2009
317,Live Your Life,T.I. Featuring Rihanna,18,2009
318,Kiss Me Thru The Phone,Soulja Boy Tell 'em Featuring Sammie,19,2009
319,Down,Jay Sean Featuring Lil Wayne,20,2009
320,The Climb,Miley Cyrus,21,2009
321,Best I Ever Had,Drake,22,2009
322,My Life Would Suck Without You,Kelly Clarkson,23,2009
323,Halo,Beyonce,24,2009
324,Hot N Cold,Katy Perry,25,2009
325,Second Chance,Shinedown,26,2009
326,Circus,Britney Spears,27,2009
327,Day 'N' Nite,Kid Cudi,28,2009
328,Party In The U.S.A.,Miley Cyrus,29,2009
329,Don't Trust Me,3OH!3,30,2009
330,Run This Town,"Jay-Z, Rihanna & Kanye West",31,2009
331,Let It Rock,Kevin Rudolf Featuring Lil Wayne,32,2009
332,Fire Burning,Sean Kingston,33,2009
333,Whatcha Say,Jason Derulo,34,2009
334,LoveGame,Lady Gaga,35,2009
335,Waking Up In Vegas,Katy Perry,36,2009
336,Birthday Sex,Jeremih,37,2009
337,Sober,P!nk,38,2009
338,Womanizer,Britney Spears,39,2009
339,Whatever You Like,T.I.,40,2009
340,Obsessed,Mariah Carey,41,2009
341,Mad,Ne-Yo,42,2009
342,Good Girls Go Bad,Cobra Starship Featuring Leighton Meester,43,2009
343,Love Lockdown,Kanye West,44,2009
344,So What,P!nk,45,2009
345,Hotel Room Service,Pitbull,46,2009
346,Crack A Bottle,"Eminem, Dr. Dre & 50 Cent",47,2009
347,If I Were A Boy,Beyonce,48,2009
348,Turnin Me On,Keri Hilson Featuring Lil Wayne,49,2009
349,I Hate This Part,The Pussycat Dolls,50,2009
350,Gotta Be Somebody,Nickelback,51,2009
351,Please Don't Leave Me,P!nk,52,2009
352,Paparazzi,Lady Gaga,53,2009
353,Beautiful,Akon Featuring Colby O'Donis & Kardinal Offishall,54,2009
354,Viva La Vida,Coldplay,55,2009
355,Right Now (Na Na Na),Akon,56,2009
356,Battlefield,Jordin Sparks,57,2009
357,Sugar,Flo Rida Featuring Wynter,58,2009
358,Miss Independent,Ne-Yo,59,2009
359,Fireflies,Owl City,60,2009
360,New Divide,Linkin Park,61,2009
361,Empire State Of Mind,Jay-Z + Alicia Keys,62,2009
362,No Surprise,Daughtry,63,2009
363,She Wolf,Shakira,64,2009
364,Break Up,Mario Featuring Gucci Mane & Sean Garrett,65,2009
365,Sweet Dreams,Beyonce,66,2009
366,Every Girl,Young Money,67,2009
367,Fallin' For You,Colbie Caillat,68,2009
368,Untouched,The Veronicas,69,2009
369,If Today Was Your Last Day,Nickelback,70,2009
370,Throw It In The Bag,Fabolous Featuring The-Dream,71,2009
371,Love Drunk,Boys Like Girls,72,2009
372,I Love College,Asher Roth,73,2009
373,If U Seek Amy,Britney Spears,74,2009
374,Big Green Tractor,Jason Aldean,75,2009
375,White Horse,Taylor Swift,76,2009
376,Disturbia,Rihanna,77,2009
377,21 Guns,Green Day,78,2009
378,Turn My Swag On,Soulja Boy Tell'em,79,2009
379,Rockin' That Thang,The-Dream,80,2009
380,Chicken Fried,Zac Brown Band,81,2009
381,Diva,Beyonce,82,2009
382,Replay,Iyaz,83,2009
383,Then,Brad Paisley,84,2009
384,Her Diamonds,Rob Thomas,85,2009
385,How Do You Sleep?,Jesse McCartney Featuring Ludacris,86,2009
386,3,Britney Spears,87,2009
387,Forever,"Drake Featuring Kanye West, Lil Wayne & Eminem",88,2009
388,One Time,Justin Bieber,89,2009
389,I Run To You,Lady Antebellum,90,2009
390,I Do Not Hook Up,Kelly Clarkson,91,2009
391,Green Light,John Legend Featuring Andre 3000,92,2009
392,People Are Crazy,Billy Currington,93,2009
393,Whatever It Is,Zac Brown Band,94,2009
394,Already Gone,Kelly Clarkson,95,2009
395,Goodbye,Kristinia DeBarge,96,2009
396,Say Hey (I Love You),Michael Franti & Spearhead Featuring Cherine Anderson,97,2009
397,Pop Champagne,Jim Jones & Ron Browz Featuring Juelz Santana,98,2009
398,Pretty Wings,Maxwell,99,2009
399,Never Say Never,The Fray,100,2009
400,TiK ToK,Ke$ha,1,2010
401,Need You Now,Lady Antebellum,2,2010
402,"Hey, Soul Sister",Train,3,2010
403,California Gurls,Katy Perry Featuring Snoop Dogg,4,2010
404,OMG,Usher Featuring will.i.am,5,2010
405,Airplanes,B.o.B Featuring Hayley Williams,6,2010
406,Love The Way You Lie,Eminem Featuring Rihanna,7,2010
407,Bad Romance,Lady Gaga,8,2010
408,Dynamite,Taio Cruz,9,2010
409,Break Your Heart,Taio Cruz Featuring Ludacris,10,2010
410,Nothin' On You,B.o.B Featuring Bruno Mars,11,2010
411,I Like It,Enrique Iglesias Featuring Pitbull,12,2010
412,BedRock,Young Money Featuring Lloyd,13,2010
413,In My Head,Jason Derulo,14,2010
414,Rude Boy,Rihanna,15,2010
415,Telephone,Lady Gaga Featuring Beyonce,16,2010
416,Teenage Dream,Katy Perry,17,2010
417,Just The Way You Are,Bruno Mars,18,2010
418,Cooler Than Me,Mike Posner,19,2010
419,Imma Be,The Black Eyed Peas,20,2010
420,Empire State Of Mind,Jay-Z + Alicia Keys,21,2010
421,DJ Got Us Fallin' In Love,Usher Featuring Pitbull,22,2010
422,Billionaire,Travie McCoy Featuring Bruno Mars,23,2010
423,Not Afraid,Eminem,24,2010
424,Replay,Iyaz,25,2010
425,Sexy Chick,David Guetta Featuring Akon,26,2010
426,Breakeven,The Script,27,2010
427,Your Love Is My Drug,Ke$ha,28,2010
428,I Gotta Feeling,The Black Eyed Peas,29,2010
429,Fireflies,Owl City,30,2010
430,Say Aah,Trey Songz Featuring Fabolous,31,2010
431,Find Your Love,Drake,32,2010
432,Alejandro,Lady Gaga,33,2010
433,Ridin' Solo,Jason Derulo,34,2010
434,Just A Dream,Nelly,35,2010
435,How Low,Ludacris,36,2010
436,Like A G6,Far*East Movement Featuring Cataracs & Dev,37,2010
437,Carry Out,Timbaland Featuring Justin Timberlake,38,2010
438,Haven't Met You Yet,Michael Buble,39,2010
439,Club Can't Handle Me,Flo Rida Featuring David Guetta,40,2010
440,Down,Jay Sean Featuring Lil Wayne,41,2010
441,Bulletproof,La Roux,42,2010
442,Whatcha Say,Jason Derulo,43,2010
443,Baby,Justin Bieber Featuring Ludacris,44,2010
444,Whataya Want From Me,Adam Lambert,45,2010
445,Mine,Taylor Swift,46,2010
446,Only Girl (In The World),Rihanna,47,2010
447,Live Like We're Dying,Kris Allen,48,2010
448,Hard,Rihanna Featuring Jeezy,49,2010
449,Young Forever,Jay-Z + Mr. Hudson,50,2010
450,Blah Blah Blah,Ke$ha Featuring 3OH!3,51,2010
451,Bottoms Up,Trey Songz Featuring Nicki Minaj,52,2010
452,Do You Remember,Jay Sean Featuring Sean Paul & Lil Jon,53,2010
453,All The Right Moves,OneRepublic,54,2010
454,According To You,Orianthi,55,2010
455,My Chick Bad,Ludacris Featuring Nicki Minaj,56,2010
456,You Belong With Me,Taylor Swift,57,2010
457,Meet Me Halfway,The Black Eyed Peas,58,2010
458,Take It Off,Ke$ha,59,2010
459,Over,Drake,60,2010
460,Animal,Neon Trees,61,2010
461,Misery,Maroon 5,62,2010
462,Magic,B.o.B Featuring Rivers Cuomo,63,2010
463,Paparazzi,Lady Gaga,64,2010
464,Tie Me Down,New Boyz Featuring Ray J,65,2010
465,Your Love,Nicki Minaj,66,2010
466,Party In The U.S.A.,Miley Cyrus,67,2010
467,Deuces,Chris Brown Featuring Tyga & Kevin McCall,68,2010
468,3,Britney Spears,69,2010
469,Impossible,Shontelle,70,2010
470,Forever,"Drake Featuring Kanye West, Lil Wayne & Eminem",71,2010
471,Two Is Better Than One,Boys Like Girls Featuring Taylor Swift,72,2010
472,My First Kiss,3OH!3 Featuring Ke$ha,73,2010
473,Already Gone,Kelly Clarkson,74,2010
474,Rock That Body,The Black Eyed Peas,75,2010
475,Secrets,OneRepublic,76,2010
476,Naturally,Selena Gomez & The Scene,77,2010
477,Un-Thinkable (I'm Ready),Alicia Keys,78,2010
478,All I Do Is Win,"DJ Khaled Featuring T-Pain, Ludacris, Snoop Dogg & Rick Ross",79,2010
479,I Made It (Cash Money Heroes),"Kevin Rudolf Featuring Birdman, Jay Sean, & Lil Wayne",80,2010
480,Stuck Like Glue,Sugarland,81,2010
481,Hey Daddy (Daddy's Home),Usher Featuring Plies,82,2010
482,There Goes My Baby,Usher,83,2010
483,Today Was A Fairytale,Taylor Swift,84,2010
484,Say Something,Timbaland Featuring Drake,85,2010
485,Sweet Dreams,Beyonce,86,2010
486,Use Somebody,Kings Of Leon,87,2010
487,Undo It,Carrie Underwood,88,2010
488,Eenie Meenie,Sean Kingston & Justin Bieber,89,2010
489,Right Above It,Lil Wayne Featuring Drake,90,2010
490,The House That Built Me,Miranda Lambert,91,2010
491,If I Die Young,The Band Perry,92,2010
492,The Only Exception,Paramore,93,2010
493,American Honey,Lady Antebellum,94,2010
494,King Of Anything,Sara Bareilles,95,2010
495,Life After You,Daughtry,96,2010
496,Smile,Uncle Kracker,97,2010
497,Teach Me How To Dougie,Cali Swag District,98,2010
498,Try Sleeping With A Broken Heart,Alicia Keys,99,2010
499,"Lover, Lover",Jerrod Niemann,100,2010
500,Rolling In The Deep,Adele,1,2011
501,Party Rock Anthem,LMFAO Featuring Lauren Bennett & GoonRock,2,2011
502,Firework,Katy Perry,3,2011
503,E.T.,Katy Perry Featuring Kanye West,4,2011
504,Give Me Everything,"Pitbull Featuring Ne-Yo, Afrojack & Nayer",5,2011
505,Grenade,Bruno Mars,6,2011
506,Super Bass,Nicki Minaj,7,2011
507,Moves Like Jagger,Maroon 5 Featuring Christina Aguilera,8,2011
508,Just Can't Get Enough,The Black Eyed Peas,9,2011
509,On The Floor,Jennifer Lopez Featuring Pitbull,10,2011
510,S&M,Rihanna,11,2011
511,Pumped Up Kicks,Foster The People,12,2011
512,Last Friday Night (T.G.I.F.),Katy Perry,13,2011
513,Just The Way You Are,Bruno Mars,14,2011
514,Tonight (I'm Lovin' You),Enrique Iglesias Featuring Ludacris & DJ Frank E,15,2011
515,Raise Your Glass,P!nk,16,2011
516,Born This Way,Lady Gaga,17,2011
517,F**kin' Perfect,P!nk,18,2011
518,What's My Name?,Rihanna Featuring Drake,19,2011
519,Look At Me Now,Chris Brown Featuring Lil Wayne & Busta Rhymes,20,2011
520,Down On Me,Jeremih Featuring 50 Cent,21,2011
521,How To Love,Lil Wayne,22,2011
522,Someone Like You,Adele,23,2011
523,Good Life,OneRepublic,24,2011
524,The Lazy Song,Bruno Mars,25,2011
525,Till The World Ends,Britney Spears,26,2011
526,The Show Goes On,Lupe Fiasco,27,2011
527,The Edge Of Glory,Lady Gaga,28,2011
528,We R Who We R,Ke$ha,29,2011
529,Black And Yellow,Wiz Khalifa,30,2011
530,Tonight Tonight,Hot Chelle Rae,31,2011
531,Blow,Ke$ha,32,2011
532,Lighters,Bad Meets Evil Featuring Bruno Mars,33,2011
533,If I Die Young,The Band Perry,34,2011
534,Stereo Hearts,Gym Class Heroes Featuring Adam Levine,35,2011
535,The Time (Dirty Bit),The Black Eyed Peas,36,2011
536,Coming Home,Diddy - Dirty Money Featuring Skylar Grey,37,2011
537,Hey Baby (Drop It To The Floor),Pitbull Featuring T-Pain,38,2011
538,Only Girl (In The World),Rihanna,39,2011
539,6 Foot 7 Foot,Lil Wayne Featuring Cory Gunz,40,2011
540,Just A Kiss,Lady Antebellum,41,2011
541,Dirt Road Anthem,Jason Aldean,42,2011
542,Dynamite,Taio Cruz,43,2011
543,No Hands,Waka Flocka Flame Featuring Roscoe Dash & Wale,44,2011
544,I Wanna Go,Britney Spears,45,2011
545,I'm On One,"DJ Khaled Featuring Drake, Rick Ross & Lil Wayne",46,2011
546,You Make Me Feel...,Cobra Starship Featuring Sabi,47,2011
547,Yeah 3X,Chris Brown,48,2011
548,Moment 4 Life,Nicki Minaj Featuring Drake,49,2011
549,I Need A Doctor,Dr. Dre Featuring Eminem & Skylar Grey,50,2011
550,Just A Dream,Nelly,51,2011
551,Motivation,Kelly Rowland Featuring Lil Wayne,52,2011
552,Stereo Love,Edward Maya & Vika Jigulina,53,2011
553,Jar Of Hearts,Christina Perri,54,2011
554,Roll Up,Wiz Khalifa,55,2011
555,Sexy And I Know It,LMFAO,56,2011
556,Rocketeer,Far*East Movement Featuring Ryan Tedder,57,2011
557,All Of The Lights,Kanye West,58,2011
558,Hold It Against Me,Britney Spears,59,2011
559,More,Usher,60,2011
560,What The Hell,Avril Lavigne,61,2011
561,Written In The Stars,Tinie Tempah Featuring Eric Turner,62,2011
562,Bottoms Up,Trey Songz Featuring Nicki Minaj,63,2011
563,DJ Got Us Fallin' In Love,Usher Featuring Pitbull,64,2011
564,For The First Time,The Script,65,2011
565,Honey Bee,Blake Shelton,66,2011
566,Don't You Wanna Stay,Jason Aldean With Kelly Clarkson,67,2011
567,We Found Love,Rihanna Featuring Calvin Harris,68,2011
568,Pretty Girl Rock,Keri Hilson,69,2011
569,You And I,Lady Gaga,70,2011
570,Like A G6,Far*East Movement Featuring Cataracs & Dev,71,2011
571,Without You,David Guetta Featuring Usher,72,2011
572,Back To December,Taylor Swift,73,2011
573,Teenage Dream,Katy Perry,74,2011
574,Crazy Girl,Eli Young Band,75,2011
575,Cheers (Drink To That),Rihanna,76,2011
576,Who Says,Selena Gomez & The Scene,77,2011
577,Barefoot Blue Jean Night,Jake Owen,78,2011
578,Knee Deep,Zac Brown Band Featuring Jimmy Buffett,79,2011
579,Country Girl (Shake It For Me),Luke Bryan,80,2011
580,Remind Me,Brad Paisley Duet With Carrie Underwood,81,2011
581,In The Dark,Dev,82,2011
582,Backseat,New Boyz Featuring The Cataracs & Dev,83,2011
583,Headlines,Drake,84,2011
584,Best Thing I Never Had,Beyonce,85,2011
585,Don't Wanna Go Home,Jason Derulo,86,2011
586,Where Them Girls At,David Guetta Featuring Flo Rida & Nicki Minaj,87,2011
587,She Ain't You,Chris Brown,88,2011
588,Take A Back Road,Rodney Atkins,89,2011
589,Please Don't Go,Mike Posner,90,2011
590,Sure Thing,Miguel,91,2011
591,Price Tag,Jessie J Featuring B.o.B,92,2011
592,God Gave Me You,Blake Shelton,93,2011
593,She Will,Lil Wayne Featuring Drake,94,2011
594,Are You Gonna Kiss Me Or Not,Thompson Square,95,2011
595,Animal,Neon Trees,96,2011
596,You And Tequila,Kenny Chesney Featuring Grace Potter,97,2011
597,Colder Weather,Zac Brown Band,98,2011
598,My Last,Big Sean Featuring Chris Brown,99,2011
599,Somebody That I Used To Know,Gotye Featuring Kimbra,1,2012
600,Call Me Maybe,Carly Rae Jepsen,2,2012
601,We Are Young,fun. Featuring Janelle Monae,3,2012
602,Payphone,Maroon 5 Featuring Wiz Khalifa,4,2012
603,Lights,Ellie Goulding,5,2012
604,Glad You Came,The Wanted,6,2012
605,Stronger (What Doesn't Kill You),Kelly Clarkson,7,2012
606,We Found Love,Rihanna Featuring Calvin Harris,8,2012
607,Starships,Nicki Minaj,9,2012
608,What Makes You Beautiful,One Direction,10,2012
609,Wild Ones,Flo Rida Featuring Sia,11,2012
610,Set Fire To The Rain,Adele,12,2012
611,Sexy And I Know It,LMFAO,13,2012
612,Some Nights,fun.,14,2012
613,Wide Awake,Katy Perry,15,2012
614,Good Feeling,Flo Rida,16,2012
615,Whistle,Flo Rida,17,2012
616,One More Night,Maroon 5,18,2012
617,Drive By,Train,19,2012
618,The Motto,Drake Featuring Lil Wayne,20,2012
619,Where Have You Been,Rihanna,21,2012
620,Everybody Talks,Neon Trees,22,2012
621,Take Care,Drake Featuring Rihanna,23,2012
622,Titanium,David Guetta Featuring Sia,24,2012
623,I Won't Give Up,Jason Mraz,25,2012
624,It Will Rain,Bruno Mars,26,2012
625,Mercy,"Kanye West, Big Sean, Pusha T, 2 Chainz",27,2012
626,Boyfriend,Justin Bieber,28,2012
627,Party Rock Anthem,LMFAO Featuring Lauren Bennett & GoonRock,29,2012
628,Too Close,Alex Clare,30,2012
629,Part Of Me,Katy Perry,31,2012
630,"Young, Wild & Free",Snoop Dogg & Wiz Khalifa Featuring Bruno Mars,32,2012
631,We Are Never Ever Getting Back Together,Taylor Swift,33,2012
632,As Long As You Love Me,Justin Bieber Featuring Big Sean,34,2012
633,Turn Me On,David Guetta Featuring Nicki Minaj,35,2012
634,Moves Like Jagger,Maroon 5 Featuring Christina Aguilera,36,2012
635,Blow Me (One Last Kiss),P!nk,37,2012
636,Good Time,Owl City & Carly Rae Jepsen,38,2012
637,Give Your Heart A Break,Demi Lovato,39,2012
638,Ni**as in Paris,Jay Z Kanye West,40,2012
639,The One That Got Away,Katy Perry,41,2012
640,Feel So Close,Calvin Harris,42,2012
641,Someone Like You,Adele,43,2012
642,Scream,Usher,44,2012
643,Rack City,Tyga,45,2012
644,Domino,Jessie J,46,2012
645,Gangnam Style,PSY,47,2012
646,International Love,Pitbull Featuring Chris Brown,48,2012
647,Home,Phillip Phillips,49,2012
648,Without You,David Guetta Featuring Usher,50,2012
649,Ass Back Home,Gym Class Heroes Featuring Neon Hitch,51,2012
650,Wanted,Hunter Hayes,52,2012
651,Drunk On You,Luke Bryan,53,2012
652,No Lie,2 Chainz Featuring Drake,54,2012
653,Want U Back,Cher Lloyd,55,2012
654,Don't Wake Me Up,Chris Brown,56,2012
655,Dance (A$$),Big Sean Featuring Nicki Minaj,57,2012
656,Springsteen,Eric Church,58,2012
657,Brokenhearted,Karmin,59,2012
658,Not Over You,Gavin DeGraw,60,2012
659,Stereo Hearts,Gym Class Heroes Featuring Adam Levine,61,2012
660,Back In Time,Pitbull,62,2012
661,Work Out,J. Cole,63,2012
662,Rumour Has It,Adele,64,2012
663,Let's Go,Calvin Harris Featuring Ne-Yo,65,2012
664,Good Girl,Carrie Underwood,66,2012
665,Pontoon,Little Big Town,67,2012
666,Ho Hey,The Lumineers,68,2012
667,Paradise,Coldplay,69,2012
668,Blown Away,Carrie Underwood,70,2012
669,Rolling In The Deep,Adele,71,2012
670,Climax,Usher,72,2012
671,"Work Hard, Play Hard",Wiz Khalifa,73,2012
672,Let Me Love You (Until You Learn To Love Yourself),Ne-Yo,74,2012
673,Pound The Alarm,Nicki Minaj,75,2012
674,Come Over,Kenny Chesney,76,2012
675,Heart Attack,Trey Songz,77,2012
676,Drank In My Cup,Kirko Bangz,78,2012
677,Birthday Cake,Rihanna Featuring Chris Brown,79,2012
678,So Good,B.o.B,80,2012
679,50 Ways To Say Goodbye,Train,81,2012
680,Red Solo Cup,Toby Keith,82,2012
681,Love You Like A Love Song,Selena Gomez & The Scene,83,2012
682,Turn Up The Music,Chris Brown,84,2012
683,Die Young,Ke$ha,85,2012
684,5 O'Clock,T-Pain Featuring Wiz Khalifa & Lily Allen,86,2012
685,A Thousand Years,Christina Perri,87,2012
686,Take A Little Ride,Jason Aldean,88,2012
687,You Da One,Rihanna,89,2012
688,We Run The Night,Havana Brown Featuring Pitbull,90,2012
689,It's Time,Imagine Dragons,91,2012
690,Cashin' Out,Ca$h Out,92,2012
691,I Don't Want This Night To End,Luke Bryan,93,2012
692,Diamonds,Rihanna,94,2012
693,Hard To Love,Lee Brice,95,2012
694,Somethin' 'Bout A Truck,Kip Moore,96,2012
695,Adorn,Miguel,97,2012
696,Fly Over States,Jason Aldean,98,2012
697,Even If It Breaks Your Heart,Eli Young Band,99,2012
698,Burn It Down,Linkin Park,100,2012
699,Thrift Shop,Macklemore & Ryan Lewis Featuring Wanz,1,2013
700,Blurred Lines,Robin Thicke Featuring T.I. + Pharrell,2,2013
701,Radioactive,Imagine Dragons,3,2013
702,Harlem Shake,Baauer,4,2013
703,Can't Hold Us,Macklemore & Ryan Lewis Featuring Ray Dalton,5,2013
704,Mirrors,Justin Timberlake,6,2013
705,Just Give Me A Reason,P!nk Featuring Nate Ruess,7,2013
706,When I Was Your Man,Bruno Mars,8,2013
707,Cruise,Florida Georgia Line Featuring Nelly,9,2013
708,Roar,Katy Perry,10,2013
709,Locked Out Of Heaven,Bruno Mars,11,2013
710,Ho Hey,The Lumineers,12,2013
711,Stay,Rihanna Featuring Mikky Ekko,13,2013
712,Get Lucky,Daft Punk Featuring Pharrell Williams,14,2013
713,Royals,Lorde,15,2013
714,I Knew You Were Trouble.,Taylor Swift,16,2013
715,We Can't Stop,Miley Cyrus,17,2013
716,Wrecking Ball,Miley Cyrus,18,2013
717,Wake Me Up!,Avicii,19,2013
718,Suit & Tie,Justin Timberlake Featuring JAY Z,20,2013
719,Cups (Pitch Perfect's When I'm Gone),Anna Kendrick,21,2013
720,Holy Grail,Jay Z Featuring Justin Timberlake,22,2013
721,Scream & Shout,will.i.am & Britney Spears,23,2013
722,Clarity,Zedd Featuring Foxes,24,2013
723,Sail,AWOLNATION,25,2013
724,Don't You Worry Child,Swedish House Mafia Featuring John Martin,26,2013
725,Diamonds,Rihanna,27,2013
726,I Love It,Icona Pop Featuring Charli XCX,28,2013
727,Safe And Sound,Capital Cities,29,2013
728,Treasure,Bruno Mars,30,2013
729,The Way,Ariana Grande Featuring Mac Miller,31,2013
730,Started From The Bottom,Drake,32,2013
731,Come & Get It,Selena Gomez,33,2013
732,"Hold On, We're Going Home",Drake Featuring Majid Jordan,34,2013
733,Daylight,Maroon 5,35,2013
734,Feel This Moment,Pitbull Featuring Christina Aguilera,36,2013
735,Applause,Lady Gaga,37,2013
736,One More Night,Maroon 5,38,2013
737,Love Me,Lil Wayne Featuring Drake & Future,39,2013
738,My Songs Know What You Did In The Dark (Light Em Up),Fall Out Boy,40,2013
739,F**kin Problems,"A$AP Rocky Featuring Drake, 2 Chainz & Kendrick Lamar",41,2013
740,Beauty And A Beat,Justin Bieber Featuring Nicki Minaj,42,2013
741,Same Love,Macklemore & Ryan Lewis Featuring Mary Lambert,43,2013
742,Sweet Nothing,Calvin Harris Featuring Florence Welch,44,2013
743,Summertime Sadness,Lana Del Rey & Cedric Gervais,45,2013
744,Home,Phillip Phillips,46,2013
745,It's Time,Imagine Dragons,47,2013
746,Power Trip,J. Cole Featuring Miguel,48,2013
747,Girl On Fire,Alicia Keys Featuring Nicki Minaj,49,2013
748,Heart Attack,Demi Lovato,50,2013
749,Love Somebody,Maroon 5,51,2013
750,I Will Wait,Mumford & Sons,52,2013
751,Try,P!nk,53,2013
752,Wagon Wheel,Darius Rucker,54,2013
753,Gangnam Style,PSY,55,2013
754,I Need Your Love,Calvin Harris Featuring Ellie Goulding,56,2013
755,Die Young,Ke$ha,57,2013
756,Some Nights,fun.,58,2013
757,Bad,Wale Featuring Tiara Thomas Or Rihanna,59,2013
758,Boys 'round Here,Blake Shelton Featuring Pistol Annies & Friends,60,2013
759,"Gone, Gone, Gone",Phillip Phillips,61,2013
760,Demons,Imagine Dragons,62,2013
761,Counting Stars,OneRepublic,63,2013
762,I Cry,Flo Rida,64,2013
763,Little Talks,Of Monsters And Men,65,2013
764,The Other Side,Jason Derulo,66,2013
765,Berzerk,Eminem,67,2013
766,Catch My Breath,Kelly Clarkson,68,2013
767,Crash My Party,Luke Bryan,69,2013
768,Pour It Up,Rihanna,70,2013
769,22,Taylor Swift,71,2013
770,I Want Crazy,Hunter Hayes,72,2013
771,The Fox,Ylvis,73,2013
772,Best Song Ever,One Direction,74,2013
773,The A Team,Ed Sheeran,75,2013
774,Carry On,fun.,76,2013
775,Highway Don't Care,Tim McGraw With Taylor Swift,77,2013
776,That's My Kind Of Night,Luke Bryan,78,2013
777,Swimming Pools (Drank),Kendrick Lamar,79,2013
778,Sure Be Cool If You Did,Blake Shelton,80,2013
779,#Beautiful,Mariah Carey Featuring Miguel,81,2013
780,Troublemaker,Olly Murs Featuring Flo Rida,82,2013
781,Body Party,Ciara,83,2013
782,Adorn,Miguel,84,2013
783,Hall Of Fame,The Script Featuring will.i.am,85,2013
784,Let Me Love You (Until You Learn To Love Yourself),Ne-Yo,86,2013
785,U.O.E.N.O.,Rocko Featuring Future & Rick Ross,87,2013
786,Next To Me,Emeli Sande,88,2013
787,Mama's Broken Heart,Miranda Lambert,89,2013
788,It Goes Like This,Thomas Rhett,90,2013
789,Bugatti,Ace Hood Featuring Future & Rick Ross,91,2013
790,Wanted,Hunter Hayes,92,2013
791,Downtown,Lady Antebellum,93,2013
792,Get Your Shine On,Florida Georgia Line,94,2013
793,#thatPOWER,will.i.am Featuring Justin Bieber,95,2013
794,Brave,Sara Bareilles,96,2013
795,Let Her Go,Passenger,97,2013
796,Runnin' Outta Moonlight,Randy Houser,98,2013
797,I'm Different,2 Chainz,99,2013
798,Still Into You,Paramore,100,2013
799,Happy,Pharrell Williams,1,2014
800,Dark Horse,Katy Perry Featuring Juicy J,2,2014
801,All Of Me,John Legend,3,2014
802,Fancy,Iggy Azalea Featuring Charli XCX,4,2014
803,Counting Stars,OneRepublic,5,2014
804,Talk Dirty,Jason Derulo Featuring 2 Chainz,6,2014
805,Rude,MAGIC!,7,2014
806,All About That Bass,Meghan Trainor,8,2014
807,Problem,Ariana Grande Featuring Iggy Azalea,9,2014
808,Stay With Me,Sam Smith,10,2014
809,Timber,Pitbull Featuring Ke$ha,11,2014
810,Pompeii,Bastille,12,2014
811,Shake It Off,Taylor Swift,13,2014
812,Am I Wrong,Nico & Vinz,14,2014
813,Turn Down For What,DJ Snake & Lil Jon,15,2014
814,The Monster,Eminem Featuring Rihanna,16,2014
815,Say Something,A Great Big World & Christina Aguilera,17,2014
816,Team,Lorde,18,2014
817,Let Her Go,Passenger,19,2014
818,Royals,Lorde,20,2014
819,Let It Go,Idina Menzel,21,2014
820,Wake Me Up!,Avicii,22,2014
821,Demons,Imagine Dragons,23,2014
822,Story Of My Life,One Direction,24,2014
823,Chandelier,Sia,25,2014
824,Black Widow,Iggy Azalea Featuring Rita Ora,26,2014
825,Bang Bang,"Jessie J, Ariana Grande & Nicki Minaj",27,2014
826,Latch,Disclosure Featuring Sam Smith,28,2014
827,Maps,Maroon 5,29,2014
828,Loyal,Chris Brown Featuring Lil Wayne & French Montana Or Too $hort Or Tyga,30,2014
829,Best Day Of My Life,American Authors,31,2014
830,Habits (Stay High),Tove Lo,32,2014
831,Summer,Calvin Harris,33,2014
832,Boom Clap,Charli XCX,34,2014
833,Drunk In Love,Beyonce Featuring Jay Z,35,2014
834,Anaconda,Nicki Minaj,36,2014
835,Break Free,Ariana Grande Featuring Zedd,37,2014
836,Bailando,Enrique Iglesias Featuring Descemer Bueno & Gente de Zona,38,2014
837,Burn,Ellie Goulding,39,2014
838,Wiggle,Jason Derulo Featuring Snoop Dogg,40,2014
839,Rather Be,Clean Bandit Featuring Jess Glynne,41,2014
840,Don't Tell 'Em,Jeremih Featuring YG,42,2014
841,Show Me,Kid Ink Featuring Chris Brown,43,2014
842,Wrecking Ball,Miley Cyrus,44,2014
843,Not A Bad Thing,Justin Timberlake,45,2014
844,Roar,Katy Perry,46,2014
845,Ain't It Fun,Paramore,47,2014
846,The Man,Aloe Blacc,48,2014
847,This Is How We Roll,Florida Georgia Line Featuring Luke Bryan,49,2014
848,Classic,MKTO,50,2014
849,A Sky Full Of Stars,Coldplay,51,2014
850,Don't,Ed Sheeran,52,2014
851,Na Na,Trey Songz,53,2014
852,Hot Boy,Bobby Shmurda,54,2014
853,"Hold On, We're Going Home",Drake Featuring Majid Jordan,55,2014
854,Sing,Ed Sheeran,56,2014
855,Radioactive,Imagine Dragons,57,2014
856,My Hitta,YG Featuring Jeezy & Rich Homie Quan,58,2014
857,Cool Kids,Echosmith,59,2014
858,Hey Brother,Avicii,60,2014
859,Trumpets,Jason Derulo,61,2014
860,Animals,Maroon 5,62,2014
861,Burnin' It Down,Jason Aldean,63,2014
862,Play It Again,Luke Bryan,64,2014
863,2 On,Tinashe Featuring ScHoolboy Q,65,2014
864,Dirt,Florida Georgia Line,66,2014
865,Love Runs Out,OneRepublic,67,2014
866,Bottoms Up,Brantley Gilbert,68,2014
867,Shower,Becky G,69,2014
868,Me And My Broken Heart,Rixton,70,2014
869,Animals,Martin Garrix,71,2014
870,Lifestyle,Rich Gang Featuring Young Thug & Rich Homie Quan,72,2014
871,American Kids,Kenny Chesney,73,2014
872,Brave,Sara Bareilles,74,2014
873,Sweater Weather,The Neighbourhood,75,2014
874,Leave The Night On,Sam Hunt,76,2014
875,New Flame,Chris Brown Featuring Usher & Rick Ross,77,2014
876,Love Never Felt So Good,Michael Jackson & Justin Timberlake,78,2014
877,Drunk On A Plane,Dierks Bentley,79,2014
878,Birthday,Katy Perry,80,2014
879,Bartender,Lady Antebellum,81,2014
880,La La La,Naughty Boy Featuring Sam Smith,82,2014
881,Blurred Lines,Robin Thicke Featuring T.I. + Pharrell,83,2014
882,Do What U Want,Lady Gaga Featuring R. Kelly,84,2014
883,Can't Remember To Forget You,Shakira Featuring Rihanna,85,2014
884,Amnesia,5 Seconds Of Summer,86,2014
885,No Mediocre,T.I. Featuring Iggy Azalea,87,2014
886,Come With Me Now,KONGOS,88,2014
887,Believe Me,Lil Wayne Featuring Drake,89,2014
888,23,"Mike WiLL Made-It Featuring Miley Cyrus, Wiz Khalifa & Juicy J",90,2014
889,Beachin',Jake Owen,91,2014
890,White Walls,Macklemore & Ryan Lewis Featuring ScHoolboy Q & Hollis,92,2014
891,She Looks So Perfect,5 Seconds Of Summer,93,2014
892,Stay The Night,Zedd Featuring Hayley Williams,94,2014
893,Partition,Beyonce,95,2014
894,Studio,ScHoolboy Q Featuring BJ The Chicago Kid,96,2014
895,0 To 100 / The Catch Up,Drake,97,2014
896,I Don't Dance,Lee Brice,98,2014
897,Somethin' Bad,Miranda Lambert Duet With Carrie Underwood,99,2014
898,Adore You,Miley Cyrus,100,2014
899,Uptown Funk!,Mark Ronson Featuring Bruno Mars,1,2015
900,Thinking Out Loud,Ed Sheeran,2,2015
901,See You Again,Wiz Khalifa Featuring Charlie Puth,3,2015
902,Trap Queen,Fetty Wap,4,2015
903,Sugar,Maroon 5,5,2015
904,Shut Up And Dance,WALK THE MOON,6,2015
905,Blank Space,Taylor Swift,7,2015
906,Watch Me,Silento,8,2015
907,Earned It (Fifty Shades Of Grey),The Weeknd,9,2015
908,The Hills,The Weeknd,10,2015
909,Cheerleader,OMI,11,2015
910,Can't Feel My Face,The Weeknd,12,2015
911,Love Me Like You Do,Ellie Goulding,13,2015
912,Take Me To Church,Hozier,14,2015
913,Bad Blood,Taylor Swift Featuring Kendrick Lamar,15,2015
914,Lean On,Major Lazer & DJ Snake Featuring MO,16,2015
915,Want To Want Me,Jason Derulo,17,2015
916,Shake It Off,Taylor Swift,18,2015
917,Where Are U Now,Skrillex & Diplo With Justin Bieber,19,2015
918,Fight Song,Rachel Platten,20,2015
919,679,Fetty Wap Featuring Remy Boyz,21,2015
920,Lips Are Movin,Meghan Trainor,22,2015
921,Worth It,Fifth Harmony Featuring Kid Ink,23,2015
922,Post To Be,Omarion Featuring Chris Brown & Jhene Aiko,24,2015
923,"Honey, I'm Good.",Andy Grammer,25,2015
924,I'm Not The Only One,Sam Smith,26,2015
925,Good For You,Selena Gomez Featuring A$AP Rocky,27,2015
926,All About That Bass,Meghan Trainor,28,2015
927,Style,Taylor Swift,29,2015
928,Hotline Bling,Drake,30,2015
929,Hey Mama,"David Guetta Featuring Nicki Minaj, Bebe Rexha & Afrojack",31,2015
930,G.D.F.R.,Flo Rida Featuring Sage The Gemini & Lookas,32,2015
931,What Do You Mean?,Justin Bieber,33,2015
932,Photograph,Ed Sheeran,34,2015
933,Hello,Adele,35,2015
934,Stitches,Shawn Mendes,36,2015
935,Talking Body,Tove Lo,37,2015
936,Jealous,Nick Jonas,38,2015
937,Time Of Our Lives,Pitbull & Ne-Yo,39,2015
938,Locked Away,R. City Featuring Adam Levine,40,2015
939,Somebody,Natalie La Rose Featuring Jeremih,41,2015
940,FourFiveSeconds,Rihanna & Kanye West & Paul McCartney,42,2015
941,Centuries,Fall Out Boy,43,2015
942,My Way,Fetty Wap Featuring Monty,44,2015
943,Take Your Time,Sam Hunt,45,2015
944,Animals,Maroon 5,46,2015
945,I Don't F**k With You,Big Sean Featuring E-40,47,2015
946,B**** Better Have My Money,Rihanna,48,2015
947,Flex (Ooh Ooh Ooh),Rich Homie Quan,49,2015
948,Nasty Freestyle,T-Wayne,50,2015
949,Only,"Nicki Minaj Featuring Drake, Lil Wayne & Chris Brown",51,2015
950,Elastic Heart,Sia,52,2015
951,Cool For The Summer,Demi Lovato,53,2015
952,Renegades,X Ambassadors,54,2015
953,I Don't Mind,Usher Featuring Juicy J,55,2015
954,Love Me Harder,Ariana Grande & The Weeknd,56,2015
955,Wildest Dreams,Taylor Swift,57,2015
956,Stay With Me,Sam Smith,58,2015
957,You Know You Like It,DJ Snake & AlunaGeorge,59,2015
958,Uma Thurman,Fall Out Boy,60,2015
959,7/11,Beyonce,61,2015
960,The Heart Wants What It Wants,Selena Gomez,62,2015
961,Girl Crush,Little Big Town,63,2015
962,Slow Motion,Trey Songz,64,2015
963,Drag Me Down,One Direction,65,2015
964,Truffle Butter,Nicki Minaj Featuring Drake & Lil Wayne,66,2015
965,One Last Time,Ariana Grande,67,2015
966,Chains,Nick Jonas,68,2015
967,All Eyes On You,Meek Mill Featuring Chris Brown & Nicki Minaj,69,2015
968,No Type,Rae Sremmurd,70,2015
969,Riptide,Vance Joy,71,2015
970,Classic Man,Jidenna Featuring Roman GianArthur,72,2015
971,Ex's & Oh's,Elle King,73,2015
972,Dear Future Husband,Meghan Trainor,74,2015
973,Marvin Gaye,Charlie Puth Featuring Meghan Trainor,75,2015
974,Like I'm Gonna Lose You,Meghan Trainor Featuring John Legend,76,2015
975,Habits (Stay High),Tove Lo,77,2015
976,The Hanging Tree,James Newton Howard Featuring Jennifer Lawrence,78,2015
977,CoCo,O.T. Genasis,79,2015
978,Bang Bang,"Jessie J, Ariana Grande & Nicki Minaj",80,2015
979,Lay Me Down,Sam Smith,81,2015
980,Tuesday,I LOVE MAKONNEN Featuring Drake,82,2015
981,Hit The Quan,iLoveMemphis,83,2015
982,Downtown,"Macklemore & Ryan Lewis Featuring Eric Nally, Melle Mel, Kool Moe Dee & Grandmaster Caz",84,2015
983,House Party,Sam Hunt,85,2015
984,Ayo,Chris Brown & Tyga,86,2015
985,Kick The Dust Up,Luke Bryan,87,2015
986,Blessings,Big Sean Featuring Drake,88,2015
987,Budapest,George Ezra,89,2015
988,Chandelier,Sia,90,2015
989,Heartbeat Song,Kelly Clarkson,91,2015
990,Don't,Ed Sheeran,92,2015
991,Ghost,Ella Henderson,93,2015
992,Here,Alessia Cara,94,2015
993,Waves,Mr. Probz,95,2015
994,El Perdon (Forgiveness),Nicky Jam & Enrique Iglesias,96,2015
995,She Knows,Ne-Yo Featuring Juicy J,97,2015
996,Night Changes,One Direction,98,2015
997,Back To Back,Drake,99,2015
998,How Deep Is Your Love,Calvin Harris & Disciples,100,2015
999,Love Yourself,Justin Bieber,1,2016
1000,Sorry,Justin Bieber,2,2016
1001,One Dance,Drake Featuring WizKid & Kyla,3,2016
1002,Work,Rihanna Featuring Drake,4,2016
1003,Stressed Out,twenty one pilots,5,2016
1004,Panda,Desiigner,6,2016
1005,Hello,Adele,7,2016
1006,Don't Let Me Down,The Chainsmokers Featuring Daya,8,2016
1007,Can't Stop The Feeling!,Justin Timberlake,9,2016
1008,Closer,The Chainsmokers Featuring Halsey,10,2016
1009,Cheap Thrills,Sia Featuring Sean Paul,11,2016
1010,7 Years,Lukas Graham,12,2016
1011,Needed Me,Rihanna,13,2016
1012,My House,Flo Rida,14,2016
1013,I Took A Pill In Ibiza,Mike Posner,15,2016
1014,Work From Home,Fifth Harmony Featuring Ty Dolla $ign,16,2016
1015,This Is What You Came For,Calvin Harris Featuring Rihanna,17,2016
1016,Cake By The Ocean,DNCE,18,2016
1017,"Me, Myself & I",G-Eazy x Bebe Rexha,19,2016
1018,Ride,twenty one pilots,20,2016
1019,Heathens,twenty one pilots,21,2016
1020,Pillowtalk,Zayn,22,2016
1021,Stitches,Shawn Mendes,23,2016
1022,Hotline Bling,Drake,24,2016
1023,Cold Water,Major Lazer Featuring Justin Bieber & MO,25,2016
1024,Send My Love (To Your New Lover),Adele,26,2016
1025,Roses,The Chainsmokers Featuring Rozes,27,2016
1026,Treat You Better,Shawn Mendes,28,2016
1027,Too Good,Drake Featuring Rihanna,29,2016
1028,Low Life,Future Featuring The Weeknd,30,2016
1029,What Do You Mean?,Justin Bieber,31,2016
1030,The Hills,The Weeknd,32,2016
1031,Just Like Fire,P!nk,33,2016
1032,Broccoli,D.R.A.M. Featuring Lil Yachty,34,2016
1033,Don't,Bryson Tiller,35,2016
1034,Dangerous Woman,Ariana Grande,36,2016
1035,Jumpman,Drake & Future,37,2016
1036,I Hate U I Love U,gnash Featuring Olivia O'Brien,38,2016
1037,Here,Alessia Cara,39,2016
1038,Same Old Love,Selena Gomez,40,2016
1039,Controlla,Drake,41,2016
1040,Like I'm Gonna Lose You,Meghan Trainor Featuring John Legend,42,2016
1041,One Call Away,Charlie Puth,43,2016
1042,Let It Go,James Bay,44,2016
1043,No,Meghan Trainor,45,2016
1044,Never Forget You,Zara Larsson & MNEK,46,2016
1045,Let Me Love You,DJ Snake Featuring Justin Bieber,47,2016
1046,Don't Mind,Kent Jones,48,2016
1047,H.O.L.Y.,Florida Georgia Line,49,2016
1048,We Don't Talk Anymore,Charlie Puth Featuring Selena Gomez,50,2016
1049,Into You,Ariana Grande,51,2016
1050,Gold,Kiiara,52,2016
1051,Exchange,Bryson Tiller,53,2016
1052,679,Fetty Wap Featuring Remy Boyz,54,2016
1053,Oui,Jeremih,55,2016
1054,Hands To Myself,Selena Gomez,56,2016
1055,2 Phones,Kevin Gates,57,2016
1056,Starboy,The Weeknd Featuring Daft Punk,58,2016
1057,For Free,DJ Khaled Featuring Drake,59,2016
1058,Never Be Like You,Flume Featuring Kai,60,2016
1059,In The Night,The Weeknd,61,2016
1060,Me Too,Meghan Trainor,62,2016
1061,Ex's & Oh's,Elle King,63,2016
1062,Die A Happy Man,Thomas Rhett,64,2016
1063,White Iverson,Post Malone,65,2016
1064,Close,Nick Jonas Featuring Tove Lo,66,2016
1065,Unsteady,X Ambassadors,67,2016
1066,Sucker For Pain,"Lil Wayne, Wiz Khalifa & Imagine Dragons With Logic & Ty Dolla $ign Feat. X Ambassadors",68,2016
1067,Down In The DM,Yo Gotti Featuring Nicki Minaj,69,2016
1068,Luv,Tory Lanez,70,2016
1069,Sorry,Beyonce,71,2016
1070,Can't Feel My Face,The Weeknd,72,2016
1071,Hymn For The Weekend,Coldplay,73,2016
1072,Say It,Tory Lanez,74,2016
1073,Antidote,Travis Scott,75,2016
1074,Lost Boy,Ruth B,76,2016
1075,Side To Side,Ariana Grande Featuring Nicki Minaj,77,2016
1076,"Sit Still, Look Pretty",Daya,78,2016
1077,Wildest Dreams,Taylor Swift,79,2016
1078,Middle,DJ Snake Featuring Bipolar Sunshine,80,2016
1079,On My Mind,Ellie Goulding,81,2016
1080,Pop Style,Drake Featuring The Throne,82,2016
1081,When We Were Young,Adele,83,2016
1082,Hide Away,Daya,84,2016
1083,Lean On,Major Lazer & DJ Snake Featuring MO,85,2016
1084,I Know What You Did Last Summer,Shawn Mendes & Camila Cabello,86,2016
1085,Watch Me,Silento,87,2016
1086,Back To Sleep,Chris Brown,88,2016
1087,No Limit,Usher Featuring Young Thug,89,2016
1088,Cut It,O.T. Genasis Featuring Young Dolph,90,2016
1089,Really Really,Kevin Gates,91,2016
1090,All In My Head (Flex),Fifth Harmony Featuring Fetty Wap,92,2016
1091,Starving,Hailee Steinfeld & Grey Featuring Zedd,93,2016
1092,Adventure Of A Lifetime,Coldplay,94,2016
1093,Humble And Kind,Tim McGraw,95,2016
1094,Wicked,Future,96,2016
1095,Tiimmy Turner,Desiigner,97,2016
1096,See You Again,Wiz Khalifa Featuring Charlie Puth,98,2016
1097,Perfect,One Direction,99,2016
1098,Shape Of You,Ed Sheeran,1,2017
1099,Despacito,Luis Fonsi & Daddy Yankee Featuring Justin Bieber,2,2017
1100,That's What I Like,Bruno Mars,3,2017
1101,Humble.,Kendrick Lamar,4,2017
1102,Something Just Like This,The Chainsmokers & Coldplay,5,2017
1103,Bad And Boujee,Migos Featuring Lil Uzi Vert,6,2017
1104,Closer,The Chainsmokers Featuring Halsey,7,2017
1105,Body Like A Back Road,Sam Hunt,8,2017
1106,Believer,Imagine Dragons,9,2017
1107,Congratulations,Post Malone Featuring Quavo,10,2017
1108,Say You Won't Let Go,James Arthur,11,2017
1109,I'm The One,"DJ Khaled Featuring Justin Bieber, Quavo, Chance The Rapper & Lil Wayne",12,2017
1110,XO TOUR Llif3,Lil Uzi Vert,13,2017
1111,Mask Off,Future,14,2017
1112,Unforgettable,French Montana Featuring Swae Lee,15,2017
1113,24K Magic,Bruno Mars,16,2017
1114,Stay,Zedd & Alessia Cara,17,2017
1115,Wild Thoughts,DJ Khaled Featuring Rihanna & Bryson Tiller,18,2017
1116,Black Beatles,Rae Sremmurd Featuring Gucci Mane,19,2017
1117,Starboy,The Weeknd Featuring Daft Punk,20,2017
1118,Location,Khalid,21,2017
1119,Attention,Charlie Puth,22,2017
1120,There's Nothing Holdin' Me Back,Shawn Mendes,23,2017
1121,Bodak Yellow (Money Moves),Cardi B,24,2017
1122,Redbone,Childish Gambino,25,2017
1123,I Don't Wanna Live Forever (Fifty Shades Darker),Zayn / Taylor Swift,26,2017
1124,It Ain't Me,Kygo x Selena Gomez,27,2017
1125,iSpy,KYLE Featuring Lil Yachty,28,2017
1126,Issues,Julia Michaels,29,2017
1127,Scars To Your Beautiful,Alessia Cara,30,2017
1128,1-800-273-8255,Logic Featuring Alessia Cara & Khalid,31,2017
1129,Slow Hands,Niall Horan,32,2017
1130,Love On The Brain,Rihanna,33,2017
1131,I Feel It Coming,The Weeknd Featuring Daft Punk,34,2017
1132,Bounce Back,Big Sean,35,2017
1133,Strip That Down,Liam Payne Featuring Quavo,36,2017
1134,Fake Love,Drake,37,2017
1135,Don't Wanna Know,Maroon 5 Featuring Kendrick Lamar,38,2017
1136,Look What You Made Me Do,Taylor Swift,39,2017
1137,Castle On The Hill,Ed Sheeran,40,2017
1138,Bad Things,Machine Gun Kelly x Camila Cabello,41,2017
1139,Paris,The Chainsmokers,42,2017
1140,Side To Side,Ariana Grande Featuring Nicki Minaj,43,2017
1141,Rockabye,Clean Bandit Featuring Sean Paul & Anne-Marie,44,2017
1142,Feel It Still,Portugal. The Man,45,2017
1143,Let Me Love You,DJ Snake Featuring Justin Bieber,46,2017
1144,Sorry Not Sorry,Demi Lovato,47,2017
1145,Bank Account,21 Savage,48,2017
1146,Can't Stop The Feeling!,Justin Timberlake,49,2017
1147,Mi Gente,J Balvin & Willy William Featuring Beyonce,50,2017
1148,Thunder,Imagine Dragons,51,2017
1149,T-Shirt,Migos,52,2017
1150,Rake It Up,Yo Gotti Featuring Nicki Minaj,53,2017
1151,Mercy,Shawn Mendes,54,2017
1152,Tunnel Vision,Kodak Black,55,2017
1153,Rockstar,Post Malone Featuring 21 Savage,56,2017
1154,In Case You Didn't Know,Brett Young,57,2017
1155,Heathens,twenty one pilots,58,2017
1156,Now Or Never,Halsey,59,2017
1157,Caroline,Amine,60,2017
1158,Rolex,Ayo & Teo,61,2017
1159,DNA.,Kendrick Lamar,62,2017
1160,Juju On That Beat (TZ Anthem),Zay Hilfigerrr & Zayion McCall,63,2017
1161,Swang,Rae Sremmurd,64,2017
1162,Passionfruit,Drake,65,2017
1163,Loyalty.,Kendrick Lamar Featuring Rihanna,66,2017
1164,Praying,Kesha,67,2017
1165,Goosebumps,Travis Scott,68,2017
1166,Cold,Maroon 5 Featuring Future,69,2017
1167,Broccoli,D.R.A.M. Featuring Lil Yachty,70,2017
1168,Slide,Calvin Harris Featuring Frank Ocean & Migos,71,2017
1169,What Ifs,Kane Brown Featuring Lauren Alaina,72,2017
1170,Chained To The Rhythm,Katy Perry Featuring Skip Marley,73,2017
1171,Feels,"Calvin Harris Featuring Pharrell Williams, Katy Perry & Big Sean",74,2017
1172,All Time Low,Jon Bellion,75,2017
1173,Hurricane,Luke Combs,76,2017
1174,Too Good At Goodbyes,Sam Smith,77,2017
1175,Young Dumb & Broke,Khalid,78,2017
1176,Magnolia,Playboi Carti,79,2017
1177,Love Galore,SZA Featuring Travis Scott,80,2017
1178,Drowning,A Boogie Wit da Hoodie Featuring Kodak Black,81,2017
1179,Starving,Hailee Steinfeld & Grey Featuring Zedd,82,2017
1180,Both,Gucci Mane Featuring Drake,83,2017
1181,What About Us,P!nk,84,2017
1182,Swalla,Jason Derulo Featuring Nicki Minaj & Ty Dolla $ign,85,2017
1183,Slippery,Migos Featuring Gucci Mane,86,2017
1184,Sign Of The Times,Harry Styles,87,2017
1185,Water Under The Bridge,Adele,88,2017
1186,Malibu,Miley Cyrus,89,2017
1187,Down,Marian Hill,90,2017
1188,No Promises,Cheat Codes Featuring Demi Lovato,91,2017
1189,Treat You Better,Shawn Mendes,92,2017
1190,I Get The Bag,Gucci Mane Featuring Migos,93,2017
1191,Small Town Boy,Dustin Lynch,94,2017
1192,Everyday We Lit,YFN Lucci Featuring PnB Rock,95,2017
1193,Havana,Camila Cabello Featuring Young Thug,96,2017
1194,What Lovers Do,Maroon 5 Featuring SZA,97,2017
1195,Do Re Mi,blackbear,98,2017
1196,Look At Me!,XXXTENTACION,99,2017
1197,The Fighter,Keith Urban Featuring Carrie Underwood,100,2017
1198,God's Plan,Drake,1,2018
1199,Perfect,Ed Sheeran,2,2018
1200,Meant To Be,Bebe Rexha & Florida Georgia Line,3,2018
1201,Havana,Camila Cabello Featuring Young Thug,4,2018
1202,Rockstar,Post Malone Featuring 21 Savage,5,2018
1203,Psycho,Post Malone Featuring Ty Dolla $ign,6,2018
1204,I Like It,"Cardi B, Bad Bunny & J Balvin",7,2018
1205,The Middle,"Zedd, Maren Morris & Grey",8,2018
1206,In My Feelings,Drake,9,2018
1207,Girls Like You,Maroon 5 Featuring Cardi B,10,2018
1208,Nice For What,Drake,11,2018
1209,Lucid Dreams,Juice WRLD,12,2018
1210,Better Now,Post Malone,13,2018
1211,Finesse,Bruno Mars & Cardi B,14,2018
1212,Boo'd Up,Ella Mai,15,2018
1213,New Rules,Dua Lipa,16,2018
1214,Sad!,XXXTENTACION,17,2018
1215,Never Be The Same,Camila Cabello,18,2018
1216,Love Lies,Khalid & Normani,19,2018
1217,No Tears Left To Cry,Ariana Grande,20,2018
1218,Mine,Bazzi,21,2018
1219,Thunder,Imagine Dragons,22,2018
1220,Look Alive,BlocBoy JB Featuring Drake,23,2018
1221,Delicate,Taylor Swift,24,2018
1222,Yes Indeed,Lil Baby & Drake,25,2018
1223,Friends,Marshmello & Anne-Marie,26,2018
1224,Bad At Love,Halsey,27,2018
1225,Taste,Tyga Featuring Offset,28,2018
1226,Let You Down,NF,29,2018
1227,No Limit,G-Eazy Featuring A$AP Rocky & Cardi B,30,2018
1228,FEFE,6ix9ine Featuring Nicki Minaj & Murda Beatz,31,2018
1229,Tequila,Dan + Shay,32,2018
1230,Feel It Still,Portugal. The Man,33,2018
1231,MotorSport,"Migos, Nicki Minaj & Cardi B",34,2018
1232,I Like Me Better,Lauv,35,2018
1233,Youngblood,5 Seconds Of Summer,36,2018
1234,Whatever It Takes,Imagine Dragons,37,2018
1235,Ric Flair Drip,Offset & Metro Boomin,38,2018
1236,I Fall Apart,Post Malone,39,2018
1237,Pray For Me,The Weeknd & Kendrick Lamar,40,2018
1238,Back To You,Selena Gomez,41,2018
1239,Sicko Mode,Travis Scott,42,2018
1240,Walk It Talk It,Migos Featuring Drake,43,2018
1241,Gucci Gang,Lil Pump,44,2018
1242,Him & I,G-Eazy & Halsey,45,2018
1243,In My Blood,Shawn Mendes,46,2018
1244,All The Stars,Kendrick Lamar & SZA,47,2018
1245,Stir Fry,Migos,48,2018
1246,Too Good At Goodbyes,Sam Smith,49,2018
1247,Love.,Kendrick Lamar Featuring Zacari,50,2018
1248,This Is America,Childish Gambino,51,2018
1249,Nonstop,Drake,52,2018
1250,Heaven,Kane Brown,53,2018
1251,Bodak Yellow (Money Moves),Cardi B,54,2018
1252,Freaky Friday,Lil Dicky Featuring Chris Brown,55,2018
1253,Gummo,6ix9ine,56,2018
1254,Plug Walk,Rich The Kid,57,2018
1255,Wait,Maroon 5,58,2018
1256,Be Careful,Cardi B,59,2018
1257,Wolves,Selena Gomez X Marshmello,60,2018
1258,Bartier Cardi,Cardi B Featuring 21 Savage,61,2018
1259,God Is A Woman,Ariana Grande,62,2018
1260,Big Bank,"YG Featuring 2 Chainz, Big Sean & Nicki Minaj",63,2018
1261,Sorry Not Sorry,Demi Lovato,64,2018
1262,How Long,Charlie Puth,65,2018
1263,Lights Down Low,MAX Featuring gnash,66,2018
1264,Young Dumb & Broke,Khalid,67,2018
1265,One Kiss,Calvin Harris & Dua Lipa,68,2018
1266,Natural,Imagine Dragons,69,2018
1267,You Make It Easy,Jason Aldean,70,2018
1268,Shape Of You,Ed Sheeran,71,2018
1269,I Get The Bag,Gucci Mane Featuring Migos,72,2018
1270,No Brainer,"DJ Khaled Featuring Justin Bieber, Chance The Rapper & Quavo",73,2018
1271,Plain Jane,A$AP Ferg Featuring Nicki Minaj,74,2018
1272,Sky Walker,Miguel Featuring Travis Scott,75,2018
1273,Marry Me,Thomas Rhett,76,2018
1274,Eastside,"benny blanco, Halsey & Khalid",77,2018
1275,Call Out My Name,The Weeknd,78,2018
1276,King's Dead,"Jay Rock, Kendrick Lamar, Future & James Blake",79,2018
1277,Happier,Marshmello & Bastille,80,2018
1278,Te Bote,"Casper Magico, Nio Garcia, Darell, Nicky Jam, Ozuna & Bad Bunny",81,2018
1279,Simple,Florida Georgia Line,82,2018
1280,Lemon,N*E*R*D & Rihanna,83,2018
1281,1-800-273-8255,Logic Featuring Alessia Cara & Khalid,84,2018
1282,Say Something,Justin Timberlake Featuring Chris Stapleton,85,2018
1283,I'm Upset,Drake,86,2018
1284,Get Along,Kenny Chesney,87,2018
1285,Moonlight,XXXTENTACION,88,2018
1286,What Lovers Do,Maroon 5 Featuring SZA,89,2018
1287,X,Nicky Jam x J Balvin,90,2018
1288,Outside Today,YoungBoy Never Broke Again,91,2018
1289,Trip,Ella Mai,92,2018
1290,Dura,Daddy Yankee,93,2018
1291,Changes,XXXTENTACION,94,2018
1292,Mercy,Brett Young,95,2018
1293,One Number Away,Luke Combs,96,2018
1294,Powerglide,Rae Sremmurd & Juicy J,97,2018
1295,IDGAF,Dua Lipa,98,2018
1296,Mi Gente,J Balvin & Willy William Featuring Beyonce,99,2018
1297,Believer,Imagine Dragons,100,2018
1298,Old Town Road,Lil Nas X Featuring Billy Ray Cyrus,1,2019
1299,Sunflower (Spider-Man: Into The Spider-Verse),Post Malone & Swae Lee,2,2019
1300,Without Me,Halsey,3,2019
1301,Bad Guy,Billie Eilish,4,2019
1302,Wow.,Post Malone,5,2019
1303,Happier,Marshmello & Bastille,6,2019
1304,7 Rings,Ariana Grande,7,2019
1305,Talk,Khalid,8,2019
1306,Sicko Mode,Travis Scott,9,2019
1307,Sucker,Jonas Brothers,10,2019
1308,High Hopes,Panic! At The Disco,11,2019
1309,"Thank U, Next",Ariana Grande,12,2019
1310,Truth Hurts,Lizzo,13,2019
1311,Dancing With A Stranger,Sam Smith & Normani,14,2019
1312,Senorita,Shawn Mendes & Camila Cabello,15,2019
1313,I Don't Care,Ed Sheeran & Justin Bieber,16,2019
1314,Eastside,"benny blanco, Halsey & Khalid",17,2019
1315,Going Bad,Meek Mill Featuring Drake,18,2019
1316,Shallow,Lady Gaga & Bradley Cooper,19,2019
1317,Better,Khalid,20,2019
1318,No Guidance,Chris Brown Featuring Drake,21,2019
1319,Girls Like You,Maroon 5 Featuring Cardi B,22,2019
1320,Sweet But Psycho,Ava Max,23,2019
1321,Suge,DaBaby,24,2019
1322,Middle Child,J. Cole,25,2019
1323,Drip Too Hard,Lil Baby & Gunna,26,2019
1324,Someone You Loved,Lewis Capaldi,27,2019
1325,Ran$om,Lil Tecca,28,2019
1326,If I Can't Have You,Shawn Mendes,29,2019
1327,Goodbyes,Post Malone Featuring Young Thug,30,2019
1328,ZEZE,Kodak Black Featuring Travis Scott & Offset,31,2019
1329,Better Now,Post Malone,32,2019
1330,Youngblood,5 Seconds Of Summer,33,2019
1331,Money In The Grave,Drake Featuring Rick Ross,34,2019
1332,Speechless,Dan + Shay,35,2019
1333,"Break Up With Your Girlfriend, I'm Bored",Ariana Grande,36,2019
1334,Please Me,Cardi B & Bruno Mars,37,2019
1335,Money,Cardi B,38,2019
1336,You Need To Calm Down,Taylor Swift,39,2019
1337,Panini,Lil Nas X,40,2019
1338,Look Back At It,A Boogie Wit da Hoodie,41,2019
1339,A Lot,21 Savage,42,2019
1340,ME!,Taylor Swift Featuring Brendon Urie,43,2019
1341,MIA,Bad Bunny Featuring Drake,44,2019
1342,Pop Out,Polo G Featuring Lil Tjay,45,2019
1343,Beautiful Crazy,Luke Combs,46,2019
1344,Thotiana,Blueface,47,2019
1345,Lucid Dreams,Juice WRLD,48,2019
1346,Mo Bamba,Sheck Wes,49,2019
1347,Beautiful People,Ed Sheeran Featuring Khalid,50,2019
1348,Wake Up In The Sky,Gucci Mane X Bruno Mars X Kodak Black,51,2019
1349,Whiskey Glasses,Morgan Wallen,52,2019
1350,God's Country,Blake Shelton,53,2019
1351,Be Alright,Dean Lewis,54,2019
1352,Pure Water,Mustard & Migos,55,2019
1353,The Git Up,Blanco Brown,56,2019
1354,Taki Taki,"DJ Snake Featuring Selena Gomez, Ozuna & Cardi B",57,2019
1355,Close To Me,Ellie Goulding X Diplo Featuring Swae Lee,58,2019
1356,Envy Me,Calboy,59,2019
1357,You Say,Lauren Daigle,60,2019
1358,"Hey Look Ma, I Made It",Panic! At The Disco,61,2019
1359,Circles,Post Malone,62,2019
1360,Beer Never Broke My Heart,Luke Combs,63,2019
1361,The London,"Young Thug, J. Cole & Travis Scott",64,2019
1362,Con Calma,Daddy Yankee & Katy Perry Featuring Snow,65,2019
1363,Murder On My Mind,YNW Melly,66,2019
1364,When The Party's Over,Billie Eilish,67,2019
1365,Act Up,City Girls,68,2019
1366,I Like It,"Cardi B, Bad Bunny & J Balvin",69,2019
1367,Trampoline,SHAED,70,2019
1368,Leave Me Alone,Flipp Dinero,71,2019
1369,Breathin,Ariana Grande,72,2019
1370,Bury A Friend,Billie Eilish,73,2019
1371,Close Friends,Lil Baby,74,2019
1372,Baby Shark,Pinkfong,75,2019
1373,My Type,Saweetie,76,2019
1374,Worth It,YK Osiris,77,2019
1375,Only Human,Jonas Brothers,78,2019
1376,Knockin' Boots,Luke Bryan,79,2019
1377,Trip,Ella Mai,80,2019
1378,Rumor,Lee Brice,81,2019
1379,Swervin,A Boogie Wit da Hoodie Featuring 6ix9ine,82,2019
1380,How Do You Sleep?,Sam Smith,83,2019
1381,Baby,Lil Baby & DaBaby,84,2019
1382,Look What God Gave Her,Thomas Rhett,85,2019
1383,Good As You,Kane Brown,86,2019
1384,Clout,Offset Featuring Cardi B,87,2019
1385,Love Lies,Khalid & Normani,88,2019
1386,One Thing Right,Marshmello & Kane Brown,89,2019
1387,Cash Shit,Megan Thee Stallion Featuring DaBaby,90,2019
1388,Tequila,Dan + Shay,91,2019
1389,Shotta Flow,NLE Choppa,92,2019
1390,Hot Girl Summer,"Megan Thee Stallion, Nicki Minaj & Ty Dolla $ign",93,2019
1391,Talk You Out Of It,Florida Georgia Line,94,2019
1392,Beautiful,Bazzi Featuring Camila Cabello,95,2019
1393,Eyes On You,Chase Rice,96,2019
1394,All To Myself,Dan + Shay,97,2019
1395,Boyfriend,Ariana Grande & Social House,98,2019
1396,Walk Me Home,P!nk,99,2019
1397,Robbery,Juice WRLD,100,2019
1398,Blinding Lights,The Weeknd,1,2020
1399,Circles,Post Malone,2,2020
1400,The Box,Roddy Ricch,3,2020
1401,Don't Start Now,Dua Lipa,4,2020
1402,Rockstar,DaBaby Featuring Roddy Ricch,5,2020
1403,Adore You,Harry Styles,6,2020
1404,Life Is Good,Future Featuring Drake,7,2020
1405,Memories,Maroon 5,8,2020
1406,The Bones,Maren Morris,9,2020
1407,Someone You Loved,Lewis Capaldi,10,2020
1408,Say So,Doja Cat,11,2020
1409,I Hope,Gabby Barrett Featuring Charlie Puth,12,2020
1410,Whats Poppin,"Jack Harlow Featuring DaBaby, Tory Lanez & Lil Wayne",13,2020
1411,Dance Monkey,Tones And I,14,2020
1412,Savage,Megan Thee Stallion,15,2020
1413,Roxanne,Arizona Zervas,16,2020
1414,Intentions,Justin Bieber Featuring Quavo,17,2020
1415,Everything I Wanted,Billie Eilish,18,2020
1416,Roses,SAINt JHN,19,2020
1417,Watermelon Sugar,Harry Styles,20,2020
1418,Before You Go,Lewis Capaldi,21,2020
1419,Falling,Trevor Daniel,22,2020
1420,"10,000 Hours",Dan + Shay & Justin Bieber,23,2020
1421,WAP,Cardi B Featuring Megan Thee Stallion,24,2020
1422,Ballin',Mustard & Roddy Ricch,25,2020
1423,Hot Girl Bummer,blackbear,26,2020
1424,Blueberry Faygo,Lil Mosey,27,2020
1425,Heartless,The Weeknd,28,2020
1426,BOP,DaBaby,29,2020
1427,Lose You To Love Me,Selena Gomez,30,2020
1428,Good As Hell,Lizzo,31,2020
1429,Toosie Slide,Drake,32,2020
1430,Break My Heart,Dua Lipa,33,2020
1431,Chasin' You,Morgan Wallen,34,2020
1432,Savage Love (Laxed - Siren Beat),Jawsh 685 x Jason Derulo,35,2020
1433,No Guidance,Chris Brown Featuring Drake,36,2020
1434,My Oh My,Camila Cabello Featuring DaBaby,37,2020
1435,Dynamite,BTS,38,2020
1436,Go Crazy,Chris Brown & Young Thug,39,2020
1437,High Fashion,Roddy Ricch Featuring Mustard,40,2020
1438,Laugh Now Cry Later,Drake Featuring Lil Durk,41,2020
1439,Woah,Lil Baby,42,2020
1440,Death Bed,Powfu Featuring beabadoobee,43,2020
1441,Senorita,Shawn Mendes & Camila Cabello,44,2020
1442,HIGHEST IN THE ROOM,Travis Scott,45,2020
1443,Bad Guy,Billie Eilish,46,2020
1444,Mood,24kGoldn Featuring iann dior,47,2020
1445,Rain On Me,Lady Gaga & Ariana Grande,48,2020
1446,For The Night,Pop Smoke Featuring Lil Baby & DaBaby,49,2020
1447,RITMO (Bad Boys For Life),Black Eyed Peas X J Balvin,50,2020
1448,Heart On Ice,Rod Wave,51,2020
1449,Nobody But You,Blake Shelton Duet With Gwen Stefani,52,2020
1450,Trampoline,SHAED,53,2020
1451,Come & Go,Juice WRLD x Marshmello,54,2020
1452,Truth Hurts,Lizzo,55,2020
1453,If The World Was Ending,JP Saxe Featuring Julia Michaels,56,2020
1454,We Paid,Lil Baby & 42 Dugg,57,2020
1455,Yummy,Justin Bieber,58,2020
1456,One Man Band,Old Dominion,59,2020
1457,Got What I Got,Jason Aldean,60,2020
1458,Sunday Best,Surfaces,61,2020
1459,Godzilla,Eminem Featuring Juice WRLD,62,2020
1460,Bandit,Juice WRLD & YoungBoy Never Broke Again,63,2020
1461,Party Girl,StaySolidRocky,64,2020
1462,Die From A Broken Heart,Maddie & Tae,65,2020
1463,Popstar,DJ Khaled Featuring Drake,66,2020
1464,All I Want For Christmas Is You,Mariah Carey,67,2020
1465,One Of Them Girls,Lee Brice,68,2020
1466,Hard To Forget,Sam Hunt,69,2020
1467,One Margarita,Luke Bryan,70,2020
1468,Panini,Lil Nas X,71,2020
1469,Hot,Young Thug Featuring Gunna,72,2020
1470,I Hope You're Happy Now,Carly Pearce & Lee Brice,73,2020
1471,Emotionally Scarred,Lil Baby,74,2020
1472,Suicidal,YNW Melly & Juice WRLD,75,2020
1473,The Bigger Picture,Lil Baby,76,2020
1474,Only Human,Jonas Brothers,77,2020
1475,The Woo,Pop Smoke Featuring 50 Cent & Roddy Ricch,78,2020
1476,Sum 2 Prove,Lil Baby,79,2020
1477,Stuck With U,Ariana Grande & Justin Bieber,80,2020
1478,Mood Swings,Pop Smoke Featuring Lil Tjay,81,2020
1479,You Should Be Sad,Halsey,82,2020
1480,Dior,Pop Smoke,83,2020
1481,Supalonely,BENEE Featuring Gus Dapperton,84,2020
1482,Even Though I'm Leaving,Luke Combs,85,2020
1483,The Scotts,"THE SCOTTS, Travis Scott & Kid Cudi",86,2020
1484,Juicy,Doja Cat & Tyga,87,2020
1485,Be Like That,Kane Brown With Swae Lee & Khalid,88,2020
1486,Homesick,Kane Brown,89,2020
1487,Rags2Riches,Rod Wave Featuring ATR Son Son,90,2020
1488,Bluebird,Miranda Lambert,91,2020
1489,Wishing Well,Juice WRLD,92,2020
1490,Does To Me,Luke Combs Featuring Eric Church,93,2020
1491,P*$$y Fairy (OTW),Jhene Aiko,94,2020
1492,ily,Surf Mesa Featuring Emilee,95,2020
1493,More Than My Hometown,Morgan Wallen,96,2020
1494,Lovin' On You,Luke Combs,97,2020
1495,Said Sum,Moneybagg Yo,98,2020
1496,Slide,H.E.R. Featuring YG,99,2020
1497,Walk Em Down,NLE Choppa Featuring Roddy Ricch,100,2020
1498,Levitating,Dua Lipa,1,2021
1499,Save Your Tears,The Weeknd & Ariana Grande,2,2021
1500,Blinding Lights,The Weeknd,3,2021
1501,Mood,24kGoldn Featuring iann dior,4,2021
1502,Good 4 U,Olivia Rodrigo,5,2021
1503,Kiss Me More,Doja Cat Featuring SZA,6,2021
1504,Leave The Door Open,Silk Sonic (Bruno Mars & Anderson .Paak),7,2021
1505,Drivers License,Olivia Rodrigo,8,2021
1506,Montero (Call Me By Your Name),Lil Nas X,9,2021
1507,Peaches,Justin Bieber Featuring Daniel Caesar & Giveon,10,2021
1508,Butter,BTS,11,2021
1509,Stay,The Kid LAROI & Justin Bieber,12,2021
1510,Deja Vu,Olivia Rodrigo,13,2021
1511,Positions,Ariana Grande,14,2021
1512,Bad Habits,Ed Sheeran,15,2021
1513,Heat Waves,Glass Animals,16,2021
1514,Without You,The Kid LAROI,17,2021
1515,Forever After All,Luke Combs,18,2021
1516,Go Crazy,Chris Brown & Young Thug,19,2021
1517,Astronaut In The Ocean,Masked Wolf,20,2021
1518,34+35,Ariana Grande Feat. Doja Cat & Megan Thee Stallion,21,2021
1519,What You Know Bout Love,Pop Smoke,22,2021
1520,My Ex's Best Friend,Machine Gun Kelly X blackbear,23,2021
1521,Industry Baby,Lil Nas X & Jack Harlow,24,2021
1522,Therefore I Am,Billie Eilish,25,2021
1523,Up,Cardi B,26,2021
1524,Fancy Like,Walker Hayes,27,2021
1525,Dakiti,Bad Bunny & Jhay Cortez,28,2021
1526,Best Friend,Saweetie Featuring Doja Cat,29,2021
1527,Rapstar,Polo G,30,2021
1528,Heartbreak Anniversary,Giveon,31,2021
1529,For The Night,Pop Smoke Featuring Lil Baby & DaBaby,32,2021
1530,Calling My Phone,Lil Tjay Featuring 6LACK,33,2021
1531,Beautiful Mistakes,Maroon 5 Featuring Megan Thee Stallion,34,2021
1532,Holy,Justin Bieber Featuring Chance The Rapper,35,2021
1533,On Me,Lil Baby,36,2021
1534,You Broke Me First.,Tate McRae,37,2021
1535,Traitor,Olivia Rodrigo,38,2021
1536,Back In Blood,Pooh Shiesty Featuring Lil Durk,39,2021
1537,I Hope,Gabby Barrett Featuring Charlie Puth,40,2021
1538,Dynamite,BTS,41,2021
1539,Wockesha,Moneybagg Yo,42,2021
1540,You Right,Doja Cat & The Weeknd,43,2021
1541,Beat Box,SpotemGottem Featuring Pooh Shiesty Or DaBaby,44,2021
1542,Laugh Now Cry Later,Drake Featuring Lil Durk,45,2021
1543,Need To Know,Doja Cat,46,2021
1544,Wants And Needs,Drake Featuring Lil Baby,47,2021
1545,Way 2 Sexy,Drake Featuring Future & Young Thug,48,2021
1546,Telepatia,Kali Uchis,49,2021
1547,Whoopty,CJ,50,2021
1548,Lemonade,Internet Money & Gunna Featuring Don Toliver & NAV,51,2021
1549,Good Days,SZA,52,2021
1550,Starting Over,Chris Stapleton,53,2021
1551,Body,Megan Thee Stallion,54,2021
1552,Willow,Taylor Swift,55,2021
1553,Bang!,AJR,56,2021
1554,Better Together,Luke Combs,57,2021
1555,You're Mines Still,Yung Bleu Featuring Drake,58,2021
1556,Every Chance I Get,DJ Khaled Featuring Lil Baby & Lil Durk,59,2021
1557,Essence,Wizkid Featuring Justin Bieber & Tems,60,2021
1558,Chasing After You,Ryan Hurd With Maren Morris,61,2021
1559,The Good Ones,Gabby Barrett,62,2021
1560,Leave Before You Love Me,Marshmello X Jonas Brothers,63,2021
1561,Glad You Exist,Dan + Shay,64,2021
1562,Lonely,Justin Bieber & benny blanco,65,2021
1563,Beggin',Maneskin,66,2021
1564,Streets,Doja Cat,67,2021
1565,What's Next,Drake,68,2021
1566,Famous Friends,Chris Young + Kane Brown,69,2021
1567,Lil Bit,Nelly & Florida Georgia Line,70,2021
1568,Thot Shit,Megan Thee Stallion,71,2021
1569,Late At Night,Roddy Ricch,72,2021
1570,Kings & Queens,Ava Max,73,2021
1571,Anyone,Justin Bieber,74,2021
1572,Track Star,Mooski,75,2021
1573,Time Today,Moneybagg Yo,76,2021
1574,Cry Baby,Megan Thee Stallion Featuring DaBaby,77,2021
1575,All I Want For Christmas Is You,Mariah Carey,78,2021
1576,No More Parties,Coi Leray Featuring Lil Durk,79,2021
1577,What's Your Country Song,Thomas Rhett,80,2021
1578,One Too Many,Keith Urban Duet With P!nk,81,2021
1579,Arcade,Duncan Laurence,82,2021
1580,Yonaguni,Bad Bunny,83,2021
1581,Good Time,Niko Moon,84,2021
1582,If I Didn't Love You,Jason Aldean & Carrie Underwood,85,2021
1583,Knife Talk,Drake Featuring 21 Savage & Project Pat,86,2021
1584,pov,Ariana Grande,87,2021
1585,Just The Way,Parmalee x Blanco Brown,88,2021
1586,Take My Breath,The Weeknd,89,2021
1587,We're Good,Dua Lipa,90,2021
1588,Hell Of A View,Eric Church,91,2021
1589,Rockin' Around The Christmas Tree,Brenda Lee,92,2021
1590,Put Your Records On,Ritt Momney,93,2021
1591,Happier Than Ever,Billie Eilish,94,2021
1592,Single Saturday Night,Cole Swindell,95,2021
1593,Things A Man Oughta Know,Lainey Wilson,96,2021
1594,Throat Baby (Go Baby),BRS Kash,97,2021
1595,Tombstone,Rod Wave,98,2021
1596,Drinkin' Beer. Talkin' God. Amen.,Chase Rice Featuring Florida Georgia Line,99,2021
1597,Todo de Ti,Rauw Alejandro,100,2021
